"Wijken en buurten";"Inkomen/Inkomen van personen/Aantal inkomensontvangers   (aantal)";"Inkomen/Inkomen van personen/Gemiddeld inkomen per inkomensontvanger  (x 1 000 euro)";"Inkomen/Inkomen van personen/Gemiddeld inkomen per inwoner  (x 1 000 euro)";"Inkomen/Inkomen van personen/40% personen met laagste inkomen (%)";"Inkomen/Inkomen van personen/20% personen met hoogste inkomen (%)";"Inkomen/Inkomen van huishoudens/Gem. gestandaardiseerd inkomen van huish (x 1 000 euro)";"Inkomen/Inkomen van huishoudens/40% huishoudens met laagste inkomen (%)";"Inkomen/Inkomen van huishoudens/20% huishoudens met hoogste inkomen (%)";"Inkomen/Inkomen van huishoudens/Huishoudens met een laag inkomen (%)";"Inkomen/Inkomen van huishoudens/Huish. onder of rond sociaal minimum (%)";"Inkomen/Inkomen van huishoudens/Huishoudens tot 110% van sociaal minimum (%)";"Inkomen/Inkomen van huishoudens/Huishoudens tot 120% van sociaal minimum (%)";"Inkomen/Inkomen van huishoudens/Mediaan vermogen van particuliere huish. (x 1 000 euro)"
"Amsterdam";"  708900";"    43.9";"    36.5";"    39.8";"    25.4";"    36.8";"    50.0";"    18.1";"     6.2";"    12.1";"    16.0";"    18.6";"    12.9"
"Burgwallen-Oude Zijde";"    4000";"    40.2";"    36.9";"    41.5";"    23.2";"    31.8";"    60.4";"    11.6";"     9.8";"    12.3";"    15.0";"    16.9";"     4.3"
"Kop Zeedijk";"    1000";"       .";"       .";"    37.3";"    25.7";"       .";"    57.5";"    10.9";"    10.4";"    12.3";"    13.6";"    15.3";"     6.7"
"Oude Kerk e.o.";"     600";"       .";"       .";"    44.9";"    21.0";"       .";"    65.2";"    11.1";"    11.9";"    15.5";"    20.2";"    23.3";"     3.9"
"Burgwallen Oost";"    1400";"       .";"       .";"    43.9";"    19.4";"       .";"    63.1";"    10.7";"    10.9";"    12.9";"    16.0";"    17.5";"     2.9"
"Nes e.o.";"     300";"       .";"       .";"    35.9";"    31.3";"       .";"    44.0";"    18.1";"     4.4";"     5.9";"     7.8";"    10.7";"    12.4"
"BG-terrein e.o.";"     600";"       .";"       .";"    42.4";"    25.8";"       .";"    62.4";"    11.8";"     6.8";"    11.2";"    13.8";"    15.1";"     3.4"
"Burgwallen-Nieuwe Zijde";"    3700";"    44.3";"    40.9";"    36.8";"    27.9";"    36.2";"    55.0";"    13.8";"     8.3";"     9.5";"    12.4";"    14.2";"     6.4"
"Stationsplein e.o.";"       0";"       .";"       .";"       .";"       .";"       .";"       .";"       .";"       .";"       .";"       .";"       .";"       ."
"Hemelrijk";"     500";"       .";"       .";"    37.5";"    28.1";"       .";"    52.5";"    12.8";"    10.0";"    11.9";"    13.5";"    14.5";"    10.1"
"Nieuwendijk Noord";"     400";"       .";"       .";"    36.0";"    22.8";"       .";"    59.8";"     9.8";"    10.3";"    10.7";"    13.5";"    14.6";"     4.3"
"Spuistraat Noord";"     800";"       .";"       .";"    34.3";"    28.0";"       .";"    52.7";"    16.3";"     7.9";"     7.5";"    10.5";"    11.9";"     6.7"
"Nieuwe Kerk e.o.";"     700";"       .";"       .";"    38.8";"    28.1";"       .";"    53.9";"    14.3";"     9.0";"     9.2";"    11.3";"    13.9";"     5.3"
"Spuistraat Zuid";"     700";"       .";"       .";"    39.3";"    29.9";"       .";"    54.5";"    16.0";"     8.5";"    12.2";"    16.3";"    17.5";"    10.1"
"Begijnhofbuurt";"     400";"       .";"       .";"    35.0";"    25.8";"       .";"    63.9";"    10.1";"     5.5";"     8.3";"    12.1";"    15.6";"     6.2"
"Kalverdriehoek";"     300";"       .";"       .";"    35.8";"    33.0";"       .";"    48.4";"    14.4";"     4.8";"     4.8";"     7.2";"     9.0";"     2.9"
"Grachtengordel-West";"    5400";"    73.1";"    64.0";"    32.2";"    39.1";"    61.4";"    39.2";"    29.7";"     7.2";"     7.4";"     8.8";"    10.1";"    88.8"
"Langestraat e.o.";"    1600";"       .";"       .";"    31.2";"    39.6";"       .";"    36.5";"    31.3";"     6.6";"     6.6";"     8.1";"     9.5";"   210.1"
"Leliegracht e.o.";"    1500";"       .";"       .";"    34.4";"    38.3";"       .";"    41.2";"    28.8";"     8.4";"     8.6";"     9.7";"    10.7";"    64.4"
"Felix Meritisbuurt";"    1800";"       .";"       .";"    30.8";"    39.5";"       .";"    38.2";"    29.3";"     6.6";"     7.8";"     9.1";"    10.4";"    72.6"
"Leidsegracht Noord";"     600";"       .";"       .";"    33.7";"    38.5";"       .";"    44.2";"    28.8";"     7.7";"     6.0";"     7.7";"     9.3";"    59.4"
"Grachtengordel-Zuid";"    4700";"    74.4";"    64.7";"    30.5";"    38.2";"    59.9";"    38.8";"    27.4";"     5.6";"     5.9";"     6.9";"     8.1";"    51.6"
"Spiegelbuurt";"     700";"       .";"       .";"    27.8";"    42.6";"       .";"    37.2";"    30.9";"     7.0";"     4.9";"     5.8";"     7.4";"    95.5"
"Gouden Bocht";"     100";"       .";"       .";"    24.6";"    42.9";"       .";"       .";"       .";"       .";"       .";"       .";"       .";"       ."
"Van Loonbuurt";"    1200";"       .";"       .";"    33.8";"    36.9";"       .";"    36.8";"    28.3";"     4.2";"     5.3";"     6.6";"     7.4";"   120.1"
"Amstelveldbuurt";"    1300";"       .";"       .";"    30.8";"    39.5";"       .";"    37.0";"    30.8";"     5.4";"     6.4";"     7.4";"     8.8";"   172.9"
"Rembrandtpleinbuurt";"     500";"       .";"       .";"    24.2";"    38.4";"       .";"    40.5";"    17.0";"     5.0";"     5.6";"     6.5";"     7.1";"     5.3"
"Reguliersbuurt";"     300";"       .";"       .";"    39.0";"    24.1";"       .";"    57.3";"    13.4";"     9.5";"    10.0";"    11.0";"    11.5";"     1.7"
"Leidsegracht Zuid";"     500";"       .";"       .";"    27.4";"    40.4";"       .";"    36.7";"    30.7";"     6.0";"     6.6";"     7.4";"     9.1";"   106.3"
"Nieuwmarkt/Lastage";"    8300";"    50.3";"    44.8";"    36.4";"    30.1";"    40.8";"    50.5";"    18.3";"     6.2";"    11.7";"    15.5";"    17.6";"    27.5"
"Oosterdokseiland";"     400";"       .";"       .";"    22.5";"    47.8";"       .";"    28.3";"    34.1";"     3.2";"     4.9";"     7.3";"     8.5";"    27.0"
"Scheepvaarthuisbuurt";"     600";"       .";"       .";"    34.0";"    34.5";"       .";"    42.8";"    22.3";"     5.8";"     6.3";"     6.9";"     7.7";"    42.0"
"Rapenburg";"     700";"       .";"       .";"    38.4";"    33.9";"       .";"    48.7";"    20.3";"     7.7";"    10.5";"    13.3";"    15.6";"    20.0"
"Lastage";"     900";"       .";"       .";"    34.7";"    31.3";"       .";"    46.7";"    18.3";"     6.6";"    10.3";"    12.5";"    13.9";"    36.2"
"Nieuwmarkt";"    1400";"       .";"       .";"    43.7";"    20.6";"       .";"    63.5";"    12.1";"     8.6";"    18.1";"    25.3";"    27.9";"    16.2"
"Uilenburg";"    1100";"       .";"       .";"    34.0";"    34.0";"       .";"    46.3";"    21.9";"     5.2";"    11.1";"    14.4";"    16.5";"    44.5"
"Valkenburg";"    1000";"       .";"       .";"    35.7";"    33.3";"       .";"    47.3";"    19.5";"     4.6";"    11.1";"    14.4";"    16.3";"    52.7"
"Zuiderkerkbuurt";"    1400";"       .";"       .";"    38.8";"    25.1";"       .";"    55.0";"    16.5";"     6.6";"    12.6";"    16.5";"    19.5";"    21.7"
"Waterloopleinbuurt";"     700";"       .";"       .";"    32.9";"    27.6";"       .";"    52.0";"    13.7";"     4.6";"    10.2";"    14.5";"    16.4";"    26.6"
"Haarlemmerbuurt";"    7800";"    48.5";"    42.5";"    36.7";"    30.1";"    40.0";"    48.3";"    20.1";"     6.2";"    11.9";"    15.4";"    18.2";"    32.1"
"Westerdokseiland";"    1500";"       .";"       .";"    31.5";"    40.5";"       .";"    30.3";"    33.6";"     4.3";"     9.1";"    11.8";"    14.5";"   123.8"
"Haarlemmerbuurt Oost";"    1300";"       .";"       .";"    37.3";"    28.1";"       .";"    51.4";"    15.7";"     6.9";"    10.6";"    14.5";"    16.7";"    25.1"
"Haarlemmerbuurt West";"    2000";"       .";"       .";"    38.4";"    28.6";"       .";"    50.2";"    17.9";"     5.2";"    13.0";"    16.3";"    19.0";"    21.2"
"Westelijke eilanden";"    2500";"       .";"    39.9";"    37.5";"    27.9";"       .";"    51.3";"    19.5";"     7.6";"    12.2";"    15.7";"    18.6";"    40.2"
"Planciusbuurt Noord";"     300";"       .";"       .";"    36.2";"    22.4";"       .";"    64.0";"     7.2";"     7.8";"    13.4";"    19.4";"    22.0";"     5.2"
"Planciusbuurt Zuid";"     200";"       .";"       .";"    46.4";"    13.1";"       .";"    71.1";"     6.6";"     7.1";"    23.2";"    31.3";"    36.6";"     2.9"
"Jordaan";"   17000";"    47.4";"    42.5";"    38.1";"    28.0";"    38.0";"    54.1";"    16.2";"     6.5";"    13.1";"    17.1";"    19.6";"    21.7"
"Driehoekbuurt";"    2400";"       .";"    41.2";"    38.3";"    26.6";"       .";"    56.1";"    14.5";"     6.4";"    12.9";"    17.6";"    19.7";"    18.5"
"Bloemgrachtbuurt";"    2600";"    52.8";"    46.5";"    36.1";"    32.6";"       .";"    47.6";"    19.7";"     6.1";"    11.6";"    14.9";"    17.3";"    30.5"
"Marnixbuurt Noord";"    1300";"       .";"       .";"    40.6";"    23.7";"       .";"    58.8";"    13.6";"     5.2";"    13.7";"    18.2";"    22.7";"     9.8"
"Zaagpoortbuurt";"     800";"       .";"       .";"    42.5";"    20.9";"       .";"    69.5";"     8.1";"     8.6";"    20.4";"    26.5";"    28.6";"     3.0"
"Marnixbuurt Midden";"     200";"       .";"       .";"    29.5";"    37.7";"       .";"    39.7";"    31.4";"     7.3";"     9.2";"    10.1";"    11.0";"    50.5"
"Elandsgrachtbuurt";"    3700";"    48.6";"    43.6";"    37.4";"    28.6";"    39.7";"    53.3";"    16.8";"     6.9";"    13.8";"    17.5";"    19.5";"    22.8"
"Passeerdersgrachtbuurt";"     800";"       .";"       .";"    35.6";"    32.6";"       .";"    48.0";"    20.3";"     7.5";"    11.8";"    16.0";"    18.8";"    59.2"
"Groenmarktkadebuurt";"     300";"       .";"       .";"    35.0";"    37.9";"       .";"    45.0";"    24.0";"     6.6";"     6.6";"     9.0";"     9.6";"    20.4"
"Marnixbuurt Zuid";"     600";"       .";"       .";"    33.4";"    27.3";"       .";"    58.6";"    11.6";"     8.5";"    12.3";"    15.0";"    18.6";"    28.2"
"Anjeliersbuurt Noord";"    1900";"       .";"       .";"    38.7";"    27.0";"       .";"    52.6";"    17.4";"     5.9";"    10.6";"    14.4";"    17.0";"    28.9"
"Anjeliersbuurt Zuid";"    2600";"    43.6";"    39.2";"    40.3";"    25.8";"       .";"    55.5";"    15.1";"     5.8";"    14.0";"    18.4";"    20.7";"    23.8"
"De Weteringschans";"    6300";"    60.5";"    52.9";"    31.3";"    37.4";"    50.9";"    42.8";"    25.0";"     5.5";"     7.4";"     9.6";"    11.3";"    41.0"
"Leidsebuurt Noordwest";"     200";"       .";"       .";"    23.0";"    38.1";"       .";"    43.1";"    15.2";"     3.9";"     3.9";"     5.0";"     5.5";"    25.9"
"Leidsebuurt Zuidwest";"     100";"       .";"       .";"    40.2";"    28.8";"       .";"    63.8";"    17.1";"       .";"       .";"       .";"       .";"     3.5"
"Leidsebuurt Noordoost";"     900";"       .";"       .";"    35.7";"    27.7";"       .";"    51.8";"    13.8";"     7.0";"     7.7";"     9.1";"    10.2";"     5.2"
"Leidsebuurt Zuidoost";"     300";"       .";"       .";"    35.5";"    36.6";"       .";"    47.6";"    25.7";"     4.8";"     6.6";"    10.2";"    12.7";"    30.3"
"Weteringbuurt";"    2000";"       .";"       .";"    30.8";"    38.6";"       .";"    41.3";"    25.7";"     6.1";"     7.4";"     9.7";"    11.3";"    54.6"
"Den Texbuurt";"     900";"       .";"       .";"    30.7";"    41.6";"       .";"    38.7";"    33.9";"     4.1";"     7.7";"    10.5";"    11.8";"    91.7"
"Utrechtsebuurt Zuid";"    1000";"       .";"       .";"    31.2";"    37.3";"       .";"    40.6";"    25.7";"     4.0";"     7.6";"     9.7";"    11.8";"    64.4"
"Frederikspleinbuurt";"     800";"       .";"       .";"    28.4";"    42.6";"       .";"    36.6";"    31.4";"     5.8";"     7.5";"     9.8";"    11.8";"   133.2"
"Weesperbuurt/Plantage";"    6000";"    54.2";"    47.9";"    35.2";"    33.4";"    45.7";"    47.3";"    22.0";"     5.5";"     9.0";"    11.9";"    13.8";"    36.6"
"Weesperbuurt";"    2600";"    48.9";"    44.3";"    36.9";"    31.0";"       .";"    51.7";"    18.3";"     5.5";"     9.8";"    12.9";"    15.0";"    21.2"
"Sarphatistrook";"    1600";"       .";"       .";"    37.0";"    31.4";"       .";"    49.7";"    21.1";"     6.3";"    11.0";"    14.3";"    16.5";"    23.9"
"de Plantage";"    1400";"       .";"       .";"    31.2";"    38.8";"       .";"    37.4";"    28.8";"     4.2";"     5.6";"     7.7";"     9.1";"   214.2"
"Alexanderplein e.o.";"     300";"       .";"       .";"    30.1";"    39.5";"       .";"    41.0";"    28.2";"     7.6";"     8.6";"    11.4";"    11.9";"   112.1"
"Oostelijke Eilanden/Kadijken";"   11400";"    42.1";"    36.8";"    39.4";"    26.0";"    34.5";"    52.6";"    16.9";"     6.4";"    12.9";"    17.5";"    20.3";"    18.8"
"Marine-Etablissement";"     100";"       .";"       .";"       .";"       .";"       .";"       .";"       .";"       .";"       .";"       .";"       .";"       ."
"Kattenburg";"    1400";"       .";"       .";"    49.6";"    17.4";"       .";"    62.5";"    13.2";"     5.9";"    12.7";"    18.6";"    22.1";"     7.8"
"Wittenburg";"    1900";"       .";"       .";"    37.9";"    23.3";"       .";"    51.5";"    14.6";"     5.9";"    13.4";"    18.7";"    21.5";"    19.6"
"Oostenburg";"    1700";"       .";"       .";"    37.8";"    26.5";"       .";"    52.4";"    16.3";"     5.8";"    13.0";"    17.5";"    20.4";"     9.6"
"Czaar Peterbuurt";"    2000";"       .";"       .";"    39.8";"    25.9";"       .";"    55.7";"    15.4";"     6.1";"    15.4";"    20.3";"    22.6";"     8.1"
"Het Funen";"    1000";"       .";"       .";"    34.3";"    38.7";"       .";"    34.4";"    34.1";"     4.5";"     6.6";"    10.2";"    12.3";"   391.7"
"Kazernebuurt";"     800";"       .";"       .";"    40.2";"    22.7";"       .";"    57.3";"    12.2";"    10.1";"    14.8";"    19.8";"    22.6";"    16.7"
"Kadijken";"    2500";"    45.5";"    40.5";"    37.6";"    28.7";"       .";"    51.2";"    17.9";"     7.2";"    12.0";"    15.9";"    18.9";"    38.9"
"Westelijk Havengebied";"     400";"       .";"       .";"    84.9";"     3.4";"       .";"    94.4";"     1.8";"       .";"       .";"       .";"       .";"     0.0"
"Coenhaven/Mercuriushaven";"     300";"       .";"       .";"    88.0";"     2.8";"       .";"    96.2";"     0.9";"       .";"       .";"       .";"       .";"     0.0"
"Alfa-driehoek";"       0";"       .";"       .";"       .";"       .";"       .";"       .";"       .";"       .";"       .";"       .";"       .";"       ."
"Petroleumhaven";"       0";"       .";"       .";"       .";"       .";"       .";"       .";"       .";"       .";"       .";"       .";"       .";"       ."
"Westhaven Noord";"       0";"       .";"       .";"       .";"       .";"       .";"       .";"       .";"       .";"       .";"       .";"       .";"       ."
"Vervoerscentrum";"       0";"       .";"       .";"       .";"       .";"       .";"       .";"       .";"       .";"       .";"       .";"       .";"       ."
"Amerikahaven";"       0";"       .";"       .";"       .";"       .";"       .";"       .";"       .";"       .";"       .";"       .";"       .";"       ."
"Afrikahaven";"       0";"       .";"       .";"       .";"       .";"       .";"       .";"       .";"       .";"       .";"       .";"       .";"       ."
"Westhaven Zuid";"       0";"       .";"       .";"       .";"       .";"       .";"       .";"       .";"       .";"       .";"       .";"       .";"       ."
"Bedrijventerrein Sloterdijk";"     900";"       .";"       .";"    53.3";"     8.6";"       .";"    84.5";"     2.0";"    15.1";"    17.4";"    22.8";"    26.5";"     0.1"
"Sloterdijk II";"       0";"       .";"       .";"       .";"       .";"       .";"       .";"       .";"       .";"       .";"       .";"       .";"       ."
"Sloterdijk III Oost";"       0";"       .";"       .";"       .";"       .";"       .";"       .";"       .";"       .";"       .";"       .";"       .";"       ."
"Sloterdijk III West";"     100";"       .";"       .";"    79.6";"     1.8";"       .";"    93.3";"     1.9";"       .";"       .";"       .";"       .";"     0.0"
"De Heining";"       0";"       .";"       .";"       .";"       .";"       .";"       .";"       .";"       .";"       .";"       .";"       .";"       ."
"Teleport";"     700";"       .";"       .";"    49.2";"     9.2";"       .";"    83.9";"     1.9";"    10.2";"    14.4";"    18.7";"    22.4";"     0.2"
"Bretten Oost";"       0";"       .";"       .";"       .";"       .";"       .";"       .";"       .";"       .";"       .";"       .";"       .";"       ."
"Bretten West";"       0";"       .";"       .";"       .";"       .";"       .";"       .";"       .";"       .";"       .";"       .";"       .";"       ."
"Houthavens";"    3300";"    81.3";"    62.4";"    19.9";"    54.3";"       .";"    23.4";"    47.4";"     3.3";"     4.8";"     5.8";"     6.5";"   440.6"
"Houthavens West";"    2700";"    88.0";"    65.5";"    17.4";"    58.4";"       .";"    19.5";"    52.5";"     2.2";"     3.5";"     4.2";"     4.7";"   440.6"
"Houthavens Oost";"     600";"       .";"       .";"    31.7";"    35.0";"       .";"    39.9";"    25.8";"     7.9";"    10.0";"    12.7";"    14.5";"   440.7"
"Spaarndammer- en Zeeheldenbuurt";"    8900";"    40.0";"    34.3";"    40.9";"    22.6";"    32.7";"    56.2";"    13.1";"     6.5";"    16.2";"    21.0";"    24.5";"     7.4"
"Zeeheldenbuurt";"    1500";"       .";"       .";"    38.4";"    24.0";"       .";"    50.2";"    14.6";"     5.0";"    13.1";"    18.2";"    21.2";"    13.9"
"Spaarndammerbuurt Noordoost";"    2300";"       .";"    30.7";"    44.9";"    18.8";"       .";"    61.7";"    10.4";"     7.4";"    19.1";"    25.0";"    28.9";"     5.2"
"Spaarndammerbuurt Zuidoost";"     900";"       .";"       .";"    38.6";"    23.3";"       .";"    50.2";"    13.8";"     5.2";"    13.6";"    17.6";"    21.9";"    14.4"
"Spaarndammerbuurt Zuidwest";"    1400";"       .";"       .";"    40.1";"    26.2";"       .";"    56.9";"    14.5";"     6.4";"    16.9";"    21.8";"    25.6";"     6.7"
"Spaarndammerbuurt Midden";"    1200";"       .";"       .";"    39.2";"    25.4";"       .";"    55.5";"    15.0";"     6.6";"    14.3";"    18.5";"    21.9";"     8.1"
"Spaarndammerbuurt Noordwest";"    1600";"       .";"       .";"    40.8";"    20.7";"       .";"    56.8";"    12.7";"     7.1";"    16.9";"    20.7";"    23.4";"     3.9"
"Westergasfabriek";"       0";"       .";"       .";"       .";"       .";"       .";"       .";"       .";"       .";"       .";"       .";"       .";"       ."
"Overbraker Binnenpolder";"       0";"       .";"       .";"       .";"       .";"       .";"       .";"       .";"       .";"       .";"       .";"       .";"       ."
"Staatsliedenbuurt";"   11100";"    43.3";"    37.8";"    37.8";"    28.5";"    35.2";"    51.0";"    16.1";"     5.9";"    14.5";"    18.8";"    21.1";"    17.5"
"De Wittenbuurt Noord";"    1100";"       .";"       .";"    37.0";"    28.4";"       .";"    52.9";"    16.9";"     7.2";"    14.0";"    18.6";"    20.8";"    17.4"
"De Wittenbuurt Zuid";"     700";"       .";"       .";"    47.7";"    17.5";"       .";"    63.4";"     9.9";"     6.7";"    19.9";"    25.4";"    29.6";"    14.8"
"Staatsliedenbuurt Noordoost";"    1100";"       .";"       .";"    47.1";"    19.2";"       .";"    61.7";"    10.0";"     6.0";"    19.8";"    26.5";"    30.2";"     9.9"
"Fannius Scholtenbuurt";"    3100";"    42.6";"    37.0";"    37.4";"    27.8";"       .";"    52.0";"    13.6";"     6.9";"    15.4";"    19.6";"    21.4";"    15.9"
"Westerstaatsman";"    2400";"       .";"    39.9";"    34.4";"    32.1";"       .";"    46.8";"    16.7";"     5.2";"    12.7";"    16.2";"    18.4";"    20.7"
"Buyskade e.o.";"    2600";"    46.7";"    40.4";"    35.3";"    33.0";"       .";"    44.7";"    22.6";"     4.2";"    11.3";"    15.0";"    16.9";"    23.0"
"Centrale Markt";"    2000";"       .";"       .";"    34.8";"    29.6";"       .";"    41.9";"    22.4";"     4.7";"    10.4";"    13.6";"    15.5";"    54.3"
"Ecowijk";"    1000";"       .";"       .";"    35.4";"    29.9";"       .";"    34.8";"    24.1";"     3.3";"     8.0";"    11.3";"    13.8";"   165.7"
"Markthallen";"       0";"       .";"       .";"       .";"       .";"       .";"       .";"       .";"       .";"       .";"       .";"       .";"       ."
"Bedrijvencentrum Westerkwartier";"     100";"       .";"       .";"       .";"       .";"       .";"       .";"       .";"       .";"       .";"       .";"       .";"       ."
"Marcanti";"     900";"       .";"       .";"    34.1";"    29.5";"       .";"    49.0";"    20.3";"     5.3";"    13.0";"    16.2";"    17.3";"    22.2"
"Frederik Hendrikbuurt";"    7000";"    47.1";"    41.8";"    35.3";"    31.0";"    36.9";"    49.1";"    17.5";"     5.9";"    13.5";"    17.3";"    19.3";"    17.7"
"Frederik Hendrikbuurt Noord";"    3300";"    45.9";"    40.3";"    35.4";"    30.1";"       .";"    48.3";"    18.5";"     6.1";"    12.9";"    16.7";"    18.7";"    19.1"
"Frederik Hendrikbuurt Zuidoost";"    2700";"    48.5";"    43.4";"    34.8";"    32.2";"       .";"    51.2";"    15.8";"     6.4";"    14.9";"    19.0";"    20.8";"    12.5"
"Frederik Hendrikbuurt Zuidwest";"    1000";"       .";"       .";"    36.2";"    30.6";"       .";"    45.5";"    19.4";"     4.1";"    11.1";"    14.6";"    17.2";"    45.5"
"Da Costabuurt";"    4100";"    50.5";"    44.8";"    32.4";"    33.3";"    40.1";"    46.1";"    20.7";"     6.0";"     9.9";"    12.8";"    14.9";"    26.7"
"Da Costabuurt Noord";"    4100";"    50.5";"    44.8";"    32.4";"    33.3";"    40.1";"    46.1";"    20.7";"     6.0";"     9.9";"    12.8";"    14.9";"    26.7"
"Kinkerbuurt";"    5400";"    48.0";"    41.9";"    32.7";"    32.0";"    37.3";"    49.8";"    18.9";"     5.8";"    11.4";"    14.9";"    17.3";"    12.5"
"Bellamybuurt Noord";"    2000";"       .";"       .";"    34.6";"    31.0";"       .";"    50.4";"    18.8";"     6.1";"    12.2";"    16.4";"    19.2";"    12.0"
"Bellamybuurt Zuid";"    3400";"    48.6";"    43.0";"    31.6";"    32.7";"       .";"    49.5";"    19.0";"     5.6";"    10.9";"    14.0";"    16.2";"    13.5"
"Van Lennepbuurt";"    6000";"    41.9";"    37.3";"    42.3";"    24.8";"    34.5";"    57.4";"    12.8";"     6.4";"    17.3";"    22.2";"    25.7";"     9.8"
"Da Costabuurt Zuid";"    2000";"       .";"       .";"    33.3";"    33.9";"       .";"    48.6";"    16.1";"     5.8";"    11.4";"    13.8";"    16.2";"    14.4"
"Borgerbuurt";"    2400";"       .";"    30.0";"    51.9";"    17.0";"       .";"    64.4";"     9.2";"     6.8";"    22.1";"    28.6";"    33.8";"     7.4"
"Lootsbuurt";"    1600";"       .";"       .";"    38.7";"    25.7";"       .";"    58.1";"    13.8";"     6.4";"    17.4";"    23.0";"    25.5";"     8.9"
"Helmersbuurt";"    6400";"    59.0";"    51.0";"    32.1";"    36.4";"    47.4";"    44.6";"    24.2";"     6.0";"    10.4";"    12.8";"    14.7";"    33.8"
"Helmersbuurt Oost";"    2200";"       .";"    56.2";"    29.0";"    41.7";"       .";"    36.3";"    29.7";"     3.8";"     5.1";"     6.8";"     8.3";"    59.2"
"WG-terrein";"    2300";"       .";"    43.6";"    37.7";"    30.3";"       .";"    54.4";"    19.2";"     8.5";"    15.5";"    19.1";"    22.2";"    22.0"
"Cremerbuurt Oost";"    2000";"       .";"       .";"    28.8";"    37.5";"       .";"    42.0";"    24.3";"     5.4";"     9.9";"    11.6";"    12.5";"    31.4"
"Overtoomse Sluis";"    6600";"    57.5";"    50.2";"    29.9";"    37.3";"    43.7";"    43.4";"    23.8";"     5.3";"     9.3";"    11.9";"    13.6";"    31.0"
"Cremerbuurt West";"    4900";"    55.3";"    48.6";"    29.8";"    36.9";"    43.2";"    42.9";"    22.5";"     5.5";"     9.4";"    12.2";"    14.1";"    28.7"
"Vondelparkbuurt West";"    1800";"       .";"       .";"    30.3";"    38.3";"       .";"    44.7";"    27.6";"     5.0";"     9.2";"    10.8";"    12.2";"    43.8"
"Vondelbuurt";"    1500";"       .";"       .";"    35.5";"    36.9";"       .";"    41.3";"    30.7";"     7.8";"     9.1";"    12.1";"    13.6";"    56.0"
"Vondelparkbuurt Oost";"     800";"       .";"       .";"    32.7";"    40.9";"       .";"    36.2";"    35.3";"     7.9";"     8.6";"     9.6";"    10.3";"   115.2"
"Vondelparkbuurt Midden";"     700";"       .";"       .";"    38.5";"    32.5";"       .";"    46.8";"    25.6";"     7.7";"     9.7";"    14.7";"    17.2";"    29.1"
"Zuidas";"    3400";"    77.3";"    65.2";"    27.0";"    46.9";"    53.9";"    43.0";"    28.8";"     3.3";"     2.9";"     4.2";"     5.2";"     7.5"
"Zuidas Noord";"     400";"       .";"       .";"    12.9";"    55.9";"       .";"    32.0";"    40.1";"     0.4";"     0.8";"     0.8";"     0.8";"     8.0"
"RAI";"       0";"       .";"       .";"       .";"       .";"       .";"       .";"       .";"       .";"       .";"       .";"       .";"       ."
"VU-kwartier";"     100";"       .";"       .";"    12.8";"    55.0";"       .";"       .";"       .";"       .";"       .";"       .";"       .";"       ."
"Zuidas Zuid";"    2000";"       .";"    78.4";"    16.2";"    57.3";"       .";"    24.3";"    38.4";"     3.1";"     2.8";"     3.3";"     3.6";"    30.7"
"Vivaldi";"     900";"       .";"       .";"    59.8";"    17.7";"       .";"    81.7";"     7.9";"     6.5";"     4.8";"    10.0";"    14.3";"    -2.6"
"Oude Pijp";"   12800";"    50.5";"    45.1";"    35.2";"    30.9";"    38.3";"    52.2";"    16.9";"     5.9";"    11.1";"    14.6";"    16.8";"    12.8"
"Hemonybuurt";"    2200";"       .";"    48.7";"    31.0";"    37.3";"       .";"    45.8";"    23.5";"     4.8";"     8.5";"    10.4";"    12.4";"    25.5"
"Gerard Doubuurt";"    1700";"       .";"       .";"    40.4";"    28.1";"       .";"    56.1";"    14.2";"     6.7";"    13.6";"    18.1";"    20.8";"    11.6"
"Frans Halsbuurt";"    2200";"       .";"    50.9";"    32.3";"    34.7";"       .";"    48.0";"    19.0";"     6.0";"     9.8";"    13.0";"    14.9";"    21.9"
"Hercules Seghersbuurt";"    2200";"       .";"       .";"    37.9";"    26.3";"       .";"    57.8";"    12.6";"     6.7";"    13.7";"    17.4";"    19.4";"     6.7"
"Sarphatiparkbuurt";"    4400";"    48.3";"    43.5";"    35.3";"    29.2";"    37.2";"    53.1";"    15.9";"     5.7";"    10.8";"    14.7";"    17.0";"    10.1"
"Nieuwe Pijp";"   10800";"    49.3";"    43.9";"    35.9";"    31.3";"    38.2";"    51.0";"    18.0";"     5.6";"    12.0";"    15.5";"    18.0";"    16.1"
"Willibrordusbuurt";"    2300";"       .";"    41.5";"    42.0";"    25.8";"       .";"    60.3";"    14.8";"     7.0";"    16.2";"    21.3";"    25.0";"    10.0"
"Van der Helstpleinbuurt";"    3400";"    51.9";"    45.8";"    32.5";"    33.4";"       .";"    47.5";"    18.7";"     5.5";"    10.7";"    13.7";"    15.4";"    16.0"
"Lizzy Ansinghbuurt";"    2000";"       .";"       .";"    37.3";"    29.8";"       .";"    50.4";"    17.6";"     5.3";"    12.2";"    16.0";"    18.3";"    16.1"
"Cornelis Troostbuurt";"    3000";"    50.0";"    44.2";"    34.2";"    33.9";"       .";"    48.0";"    19.9";"     4.7";"    10.1";"    12.6";"    15.2";"    25.5"
"Zuid Pijp";"    6700";"    35.3";"    30.5";"    47.1";"    18.3";"    30.5";"    60.4";"    10.7";"     7.0";"    19.1";"    25.8";"    29.6";"     6.1"
"Diamantbuurt";"    2600";"    34.2";"    29.3";"    49.5";"    16.9";"       .";"    61.1";"    11.1";"     7.7";"    20.4";"    27.6";"    31.4";"     5.2"
"Burgemeester Tellegenbuurt Oost";"    2300";"       .";"    31.9";"    45.3";"    20.4";"       .";"    58.4";"    11.2";"     7.2";"    18.9";"    24.3";"    27.7";"     7.8"
"Burgemeester Tellegenbuurt West";"    1900";"       .";"       .";"    45.9";"    17.6";"       .";"    61.9";"     9.4";"     5.9";"    17.7";"    25.3";"    29.6";"     6.6"
"Weesperzijde";"    4800";"    59.1";"    51.2";"    32.0";"    38.5";"    45.6";"    42.9";"    25.3";"     5.3";"     8.4";"    10.9";"    12.7";"    31.3"
"Swammerdambuurt";"    1700";"       .";"       .";"    27.9";"    41.9";"       .";"    39.7";"    28.8";"     4.5";"     6.9";"     8.0";"     9.2";"    66.1"
"Weesperzijde Midden/Zuid";"    2800";"    55.7";"    48.0";"    29.8";"    40.5";"       .";"    38.7";"    26.6";"     5.1";"     8.3";"    11.3";"    13.3";"    40.9"
"Parooldriehoek";"     300";"       .";"       .";"    70.6";"     5.8";"       .";"    83.9";"     2.4";"    14.2";"    20.9";"    28.4";"    32.1";"     0.0"
"Oosterparkbuurt";"    9000";"    42.2";"    36.4";"    40.7";"    25.8";"    34.1";"    54.8";"    15.9";"     6.7";"    15.8";"    20.6";"    23.3";"    10.6"
"Oosterparkbuurt Noordwest";"    3200";"    40.7";"    36.2";"    39.7";"    25.1";"       .";"    57.0";"    13.9";"     6.7";"    14.7";"    18.9";"    21.6";"     9.3"
"Oosterpark";"     100";"       .";"       .";"    53.6";"    12.8";"       .";"    81.3";"     3.6";"       .";"       .";"       .";"       .";"     1.0"
"Oosterparkbuurt Zuidoost";"    3100";"    46.4";"    39.6";"    37.1";"    30.2";"       .";"    48.4";"    21.3";"     6.5";"    13.5";"    17.4";"    19.9";"    25.6"
"Oosterparkbuurt Zuidwest";"    2600";"    39.6";"    33.2";"    45.8";"    21.9";"       .";"    57.8";"    13.0";"     6.8";"    19.3";"    25.5";"    28.5";"     5.6"
"Dapperbuurt";"    8100";"    40.6";"    34.7";"    42.7";"    24.3";"    33.4";"    55.5";"    15.6";"     6.8";"    15.7";"    21.0";"    24.1";"     8.7"
"Dapperbuurt Noord";"    3500";"    37.4";"    32.4";"    45.3";"    21.9";"       .";"    57.5";"    13.2";"     7.1";"    16.3";"    21.8";"    25.5";"     7.9"
"Dapperbuurt Zuid";"    3100";"    38.1";"    33.3";"    43.5";"    21.7";"       .";"    59.0";"    13.9";"     7.2";"    16.4";"    22.0";"    24.9";"     5.3"
"Oostpoort";"    1500";"       .";"       .";"    34.8";"    35.9";"       .";"    41.7";"    26.0";"     4.9";"    12.7";"    16.5";"    18.6";"    46.3"
"Transvaalbuurt";"    7500";"    37.4";"    31.4";"    44.2";"    21.5";"    32.2";"    54.8";"    14.9";"     7.0";"    17.0";"    21.9";"    24.8";"     6.0"
"Transvaalbuurt West";"    3400";"    36.5";"    31.2";"    44.6";"    21.0";"       .";"    57.5";"    13.6";"     7.4";"    18.3";"    23.7";"    26.0";"     5.9"
"Transvaalbuurt Oost";"    4100";"    38.1";"    31.6";"    43.9";"    21.9";"    33.1";"    52.5";"    16.0";"     6.6";"    15.9";"    20.3";"    23.7";"     6.2"
"Indische Buurt West";"   10200";"    37.7";"    31.9";"    44.1";"    22.3";"    32.2";"    53.0";"    14.2";"     7.2";"    16.3";"    20.9";"    24.1";"     6.6"
"Noordwestkwadrant Indische buurt Noord";"    3200";"    41.9";"    35.6";"    37.8";"    27.4";"       .";"    50.2";"    15.7";"     6.3";"    14.0";"    17.7";"    20.3";"    10.3"
"Noordwestkwadrant Indische buurt Zuid";"    3800";"    38.7";"    33.4";"    42.4";"    24.3";"    32.8";"    51.9";"    15.0";"     6.8";"    14.8";"    18.8";"    21.4";"     8.2"
"Zuidwestkwadrant Indische buurt";"    3200";"    32.2";"    26.6";"    52.5";"    15.0";"       .";"    57.5";"    11.6";"     8.8";"    20.6";"    27.0";"    31.4";"     3.7"
"Indische Buurt Oost";"    8000";"    34.0";"    28.6";"    48.5";"    18.3";"    30.5";"    56.3";"    11.9";"     7.3";"    18.7";"    24.5";"    27.9";"     4.5"
"Noordoostkwadrant Indische buurt";"    4600";"    32.7";"    27.8";"    50.0";"    17.1";"    29.4";"    60.0";"    10.7";"     7.7";"    20.6";"    27.1";"    30.6";"     3.7"
"Zuidoostkwadrant Indische buurt";"    3000";"    33.3";"    27.4";"    48.1";"    18.1";"       .";"    53.2";"    11.8";"     7.0";"    17.1";"    22.2";"    25.5";"     4.3"
"Zeeburgerdijk Oost";"     400";"       .";"       .";"    32.4";"    35.2";"       .";"    29.0";"    30.5";"     3.6";"     6.6";"     7.1";"     9.2";"   340.5"
"Flevopark";"       0";"       .";"       .";"       .";"       .";"       .";"       .";"       .";"       .";"       .";"       .";"       .";"       ."
"Oostelijk Havengebied";"   16500";"    54.2";"    45.7";"    28.5";"    38.9";"    45.6";"    31.7";"    30.9";"     3.9";"     6.2";"     8.2";"    10.1";"    78.9"
"Oostelijke Handelskade";"    1200";"       .";"       .";"    24.1";"    48.6";"       .";"    25.7";"    37.8";"     4.2";"     5.4";"     7.5";"     8.9";"    36.7"
"Rietlanden";"    2000";"       .";"       .";"    29.4";"    40.7";"       .";"    32.8";"    32.8";"     3.0";"     5.7";"     7.8";"    10.2";"    62.9"
"Java-eiland";"    2500";"    56.6";"    48.5";"    25.6";"    41.4";"       .";"    28.3";"    32.9";"     3.5";"     4.5";"     5.4";"     7.2";"   101.1"
"KNSM-eiland";"    2100";"       .";"       .";"    29.2";"    34.9";"       .";"    33.2";"    24.8";"     4.3";"     7.5";"     9.9";"    11.8";"   213.7"
"Sporenburg";"    2100";"       .";"    44.1";"    28.6";"    41.9";"       .";"    23.1";"    43.3";"     2.5";"     3.6";"     4.7";"     6.0";"   285.1"
"Borneo";"    2200";"       .";"    41.5";"    32.9";"    38.1";"       .";"    26.7";"    37.8";"     4.4";"     6.8";"     8.4";"    10.1";"   120.5"
"Entrepot-Noordwest";"    1200";"       .";"       .";"    35.8";"    26.4";"       .";"    44.9";"    17.5";"     6.5";"    11.3";"    16.5";"    19.7";"    22.2"
"Architectenbuurt";"    1500";"       .";"       .";"    33.0";"    30.8";"       .";"    39.9";"    17.5";"     4.8";"    10.0";"    13.3";"    16.2";"   154.0"
"Bedrijvengebied Veelaan";"       0";"       .";"       .";"       .";"       .";"       .";"       .";"       .";"       .";"       .";"       .";"       .";"       ."
"Bedrijvengebied Cruquiusweg";"    1500";"       .";"       .";"    15.8";"    48.1";"       .";"    30.4";"    33.0";"     2.2";"     2.4";"     3.1";"     4.0";"    13.8"
"Bedrijvengebied Zeeburgerkade";"     200";"       .";"       .";"    44.1";"    16.8";"       .";"    67.1";"    10.1";"     9.3";"     8.3";"    11.1";"    12.0";"     4.5"
"Zeeburgereiland/Nieuwe Diep";"    4100";"    43.7";"    36.2";"    39.2";"    30.5";"    32.7";"    51.5";"    17.8";"     6.6";"     8.0";"    11.5";"    14.2";"     2.8"
"Zeeburgereiland Noordwest";"       0";"       .";"       .";"       .";"       .";"       .";"       .";"       .";"       .";"       .";"       .";"       .";"       ."
"Zeeburgereiland Zuidoost";"     400";"       .";"       .";"    84.6";"     1.1";"       .";"    98.3";"     0.3";"       .";"       .";"       .";"       .";"    -3.0"
"Zeeburgereiland Zuidwest";"     200";"       .";"       .";"    76.1";"     7.4";"       .";"    87.8";"     2.5";"       .";"       .";"       .";"       .";"    -3.0"
"Nieuwe Diep/Diemerpark";"     100";"       .";"       .";"       .";"       .";"       .";"       .";"       .";"       .";"       .";"       .";"       .";"       ."
"RI Oost terrein";"    3400";"    48.7";"    39.4";"    31.9";"    35.1";"       .";"    41.4";"    21.6";"     5.4";"     7.2";"    10.5";"    12.7";"     7.4"
"Zeeburgereiland Noordoost";"       0";"       .";"       .";"       .";"       .";"       .";"       .";"       .";"       .";"       .";"       .";"       .";"       ."
"IJburg West";"   11800";"    52.7";"    40.1";"    35.9";"    36.2";"    44.6";"    28.5";"    36.1";"     4.5";"     6.8";"     9.6";"    11.3";"    82.2"
"Steigereiland Noord";"    1200";"       .";"       .";"    31.8";"    38.0";"       .";"    26.2";"    34.4";"     4.5";"     7.1";"     9.5";"    10.8";"    32.4"
"Steigereiland Zuid";"    1900";"       .";"    40.7";"    38.3";"    35.1";"       .";"    26.7";"    42.4";"     4.6";"     6.6";"    10.1";"    11.4";"   370.9"
"Haveneiland Zuidwest/Rieteiland West";"    2100";"       .";"    50.0";"    34.8";"    43.4";"       .";"    14.9";"    56.5";"     3.8";"     3.7";"     4.1";"     4.7";"   590.6"
"Haveneiland Noordwest";"    2200";"       .";"    38.3";"    35.1";"    33.2";"       .";"    39.1";"    24.9";"     4.5";"     8.2";"    11.7";"    13.8";"    17.3"
"Haveneiland Noordoost";"    4300";"    48.0";"    36.0";"    36.9";"    34.2";"       .";"    29.3";"    32.4";"     4.8";"     7.3";"    10.5";"    12.6";"    56.4"
"Sloterdijk";"     500";"       .";"       .";"    21.8";"    46.2";"       .";"    31.1";"    29.7";"    12.6";"    11.7";"    13.5";"    13.5";"    13.0"
"Woon- en Groengebied Sloterdijk";"     500";"       .";"       .";"    14.6";"    51.5";"       .";"    19.0";"    35.4";"     2.8";"     3.2";"     3.2";"     3.2";"    23.5"
"Bedrijventerrein Sloterdijk I";"     100";"       .";"       .";"       .";"       .";"       .";"       .";"       .";"       .";"       .";"       .";"       .";"       ."
"Landlust";"   15300";"    38.5";"    32.0";"    40.7";"    23.5";"    32.8";"    51.2";"    15.1";"     6.7";"    14.1";"    18.5";"    21.1";"     7.1"
"Bedrijventerrein Landlust";"     500";"       .";"       .";"    25.2";"    35.3";"       .";"    44.8";"    16.4";"     3.8";"     5.6";"     8.5";"     8.8";"    28.3"
"Bosleeuw";"    4400";"    34.6";"    28.2";"    46.1";"    19.2";"    30.6";"    52.8";"    14.1";"     8.0";"    14.0";"    18.0";"    20.9";"     4.6"
"Landlust Zuid";"    3400";"    43.9";"    37.0";"    36.2";"    30.2";"       .";"    45.9";"    20.4";"     5.0";"    13.6";"    17.8";"    20.8";"    14.7"
"Erasmusparkbuurt Oost";"    1500";"       .";"       .";"    35.7";"    30.5";"       .";"    46.5";"    23.6";"     4.8";"    10.1";"    14.2";"    16.7";"    20.4"
"Gibraltarbuurt";"    3500";"    35.5";"    29.9";"    42.0";"    19.6";"       .";"    56.7";"     9.5";"     7.4";"    17.1";"    22.3";"    24.8";"     3.3"
"Landlust Noord";"    1900";"       .";"       .";"    41.7";"    19.8";"       .";"    52.4";"    12.2";"     7.8";"    15.0";"    19.4";"    22.0";"     6.1"
"Erasmuspark";"    5000";"    44.1";"    38.0";"    32.4";"    30.5";"    37.0";"    41.1";"    18.6";"     5.1";"     8.7";"    11.5";"    13.3";"    32.0"
"Erasmusparkbuurt West";"    3400";"    45.3";"    38.9";"    30.1";"    31.9";"       .";"    39.3";"    19.1";"     4.9";"     7.5";"     9.8";"    11.5";"    49.2"
"Robert Scottbuurt Oost";"    1500";"       .";"       .";"    37.6";"    27.2";"       .";"    45.4";"    17.5";"     5.6";"    11.6";"    15.3";"    17.5";"    11.3"
"De Kolenkit";"    8900";"    35.7";"    28.5";"    44.5";"    21.0";"    30.9";"    52.5";"    13.8";"     7.7";"    13.7";"    18.7";"    21.9";"     3.5"
"Robert Scottbuurt West";"    1700";"       .";"       .";"    47.3";"    16.3";"       .";"    67.1";"     6.8";"     7.8";"    14.0";"    19.5";"    24.9";"     3.0"
"Laan van Spartaan";"    2000";"       .";"       .";"    37.5";"    28.0";"       .";"    50.3";"    15.8";"     5.8";"     8.9";"    13.0";"    14.6";"     4.1"
"Kolenkitbuurt Zuid";"    1700";"       .";"       .";"    41.8";"    23.9";"       .";"    44.7";"    18.7";"     7.2";"    14.0";"    18.2";"    20.8";"     8.0"
"Kolenkitbuurt Noord";"    3400";"    32.5";"    24.5";"    48.6";"    17.7";"       .";"    48.1";"    14.7";"     9.2";"    16.4";"    21.8";"    25.0";"     2.4"
"Geuzenbuurt";"    5600";"    45.7";"    39.3";"    33.9";"    30.5";"    36.2";"    46.6";"    18.6";"     5.7";"    11.5";"    14.1";"    16.0";"    17.8"
"Geuzenhofbuurt";"    1500";"       .";"       .";"    26.3";"    38.0";"       .";"    39.0";"    17.6";"     4.7";"     7.2";"     8.5";"     9.5";"    60.7"
"Trompbuurt";"    2600";"    47.5";"    39.9";"    33.1";"    30.8";"       .";"    45.5";"    21.4";"     5.8";"    10.7";"    12.9";"    15.0";"    20.2"
"Pieter van der Doesbuurt";"    1600";"       .";"       .";"    42.4";"    23.0";"       .";"    56.3";"    15.0";"     6.6";"    17.2";"    21.7";"    24.3";"     5.0"
"Van Galenbuurt";"    4700";"    36.7";"    31.9";"    42.3";"    20.0";"    31.0";"    58.1";"    11.6";"     7.1";"    17.1";"    22.2";"    25.8";"     4.1"
"John Franklinbuurt";"    1600";"       .";"       .";"    40.4";"    18.6";"       .";"    59.5";"    11.0";"     6.6";"    15.6";"    21.0";"    24.3";"     3.1"
"Jan Maijenbuurt";"    1900";"       .";"       .";"    46.0";"    19.0";"       .";"    60.3";"    11.3";"     7.6";"    20.3";"    25.4";"    29.3";"     3.2"
"Orteliusbuurt Noord";"    1200";"       .";"       .";"    38.6";"    23.6";"       .";"    52.2";"    13.2";"     7.1";"    14.1";"    18.8";"    22.4";"     8.4"
"Mercatorpark";"       0";"       .";"       .";"       .";"       .";"       .";"       .";"       .";"       .";"       .";"       .";"       .";"       ."
"Hoofdweg e.o.";"    8700";"    39.4";"    33.9";"    39.2";"    23.3";"    33.9";"    54.1";"    14.2";"     6.6";"    14.9";"    18.7";"    21.8";"     5.1"
"Balboaplein e.o.";"    2600";"    38.4";"    33.2";"    40.9";"    22.2";"       .";"    54.0";"    14.0";"     7.4";"    14.7";"    18.5";"    20.9";"     3.6"
"Columbusplein e.o.";"    2900";"    36.8";"    30.9";"    42.2";"    19.0";"       .";"    57.9";"    12.4";"     7.1";"    17.2";"    21.9";"    25.7";"     3.1"
"Orteliusbuurt Midden";"    1600";"       .";"       .";"    36.5";"    28.8";"       .";"    50.4";"    16.4";"     5.5";"    13.2";"    16.4";"    19.6";"    10.4"
"Orteliusbuurt Zuid";"    1600";"       .";"       .";"    33.8";"    27.3";"       .";"    51.5";"    15.4";"     5.5";"    12.6";"    15.9";"    18.2";"     9.0"
"Westindische Buurt";"    5700";"    51.4";"    43.8";"    30.4";"    34.7";"    40.0";"    43.6";"    23.4";"     5.0";"     8.7";"    11.6";"    13.8";"    20.6"
"Paramariboplein e.o.";"    3100";"    52.2";"    44.1";"    29.7";"    36.3";"       .";"    42.7";"    24.1";"     5.3";"     9.2";"    11.8";"    13.8";"    25.4"
"Postjeskade e.o.";"    2600";"    50.4";"    43.4";"    31.2";"    32.8";"       .";"    44.7";"    22.6";"     4.6";"     8.2";"    11.4";"    13.8";"    16.7"
"Hoofddorppleinbuurt";"   10000";"    53.9";"    46.5";"    28.3";"    37.9";"    42.0";"    41.0";"    25.0";"     4.5";"     8.1";"    10.1";"    12.1";"    37.9"
"Surinamepleinbuurt";"    1300";"       .";"       .";"    30.6";"    35.9";"       .";"    47.0";"    24.2";"     4.8";"     6.3";"     8.3";"    11.2";"    32.7"
"Westlandgrachtbuurt";"    3000";"    54.0";"    46.1";"    28.0";"    38.6";"       .";"    41.4";"    24.7";"     4.1";"     8.1";"    10.2";"    12.5";"    35.1"
"Aalsmeerwegbuurt West";"    2200";"       .";"    48.9";"    26.4";"    39.8";"       .";"    36.6";"    26.1";"     4.4";"     8.0";"     9.4";"    10.6";"    54.3"
"Aalsmeerwegbuurt Oost";"    1900";"       .";"       .";"    28.9";"    37.7";"       .";"    38.7";"    25.3";"     4.5";"     9.4";"    11.7";"    13.0";"    37.7"
"Legmeerpleinbuurt";"    1400";"       .";"       .";"    27.8";"    37.0";"       .";"    41.3";"    25.1";"     4.4";"     7.9";"    10.6";"    13.1";"    31.8"
"Bedrijventerrein Schinkel";"     200";"       .";"       .";"    38.9";"    24.6";"       .";"    66.4";"    18.9";"       .";"       .";"       .";"       .";"     3.5"
"Schinkelbuurt";"    3500";"    50.9";"    45.2";"    32.0";"    31.0";"    39.3";"    50.1";"    17.3";"     5.2";"    10.5";"    14.0";"    16.2";"    15.7"
"Schinkelbuurt Noord";"    2100";"       .";"       .";"    30.1";"    34.5";"       .";"    45.7";"    20.6";"     4.8";"     8.0";"    10.8";"    12.9";"    26.8"
"Schinkelbuurt Zuid";"    1300";"       .";"       .";"    35.1";"    25.2";"       .";"    57.2";"    12.2";"     5.8";"    14.3";"    19.0";"    21.1";"     8.0"
"Willemspark";"    4100";"    99.3";"    75.5";"    28.3";"    47.0";"    85.4";"    27.8";"    44.9";"     4.7";"     5.9";"     7.3";"     8.6";"   252.8"
"Valeriusbuurt Oost";"    1000";"       .";"       .";"    28.3";"    50.7";"       .";"    19.7";"    53.5";"     5.5";"     5.4";"     6.6";"     7.9";"   846.5"
"Valeriusbuurt West";"    2000";"       .";"    67.3";"    28.1";"    45.5";"       .";"    30.3";"    41.0";"     4.1";"     6.1";"     7.7";"     9.2";"   134.2"
"Willemsparkbuurt Noord";"    1200";"       .";"       .";"    28.8";"    46.2";"       .";"    30.2";"    44.2";"     4.9";"     6.1";"     7.2";"     8.2";"   162.6"
"Vondelpark West";"       0";"       .";"       .";"       .";"       .";"       .";"       .";"       .";"       .";"       .";"       .";"       .";"       ."
"Museumkwartier";"   10000";"    94.1";"    76.4";"    29.3";"    42.7";"    79.1";"    32.7";"    36.7";"     5.1";"     5.8";"     7.2";"     8.2";"   163.4"
"Johannnes Vermeerbuurt";"    1200";"       .";"       .";"    27.2";"    46.5";"       .";"    27.3";"    42.4";"     3.8";"     4.1";"     4.8";"     6.2";"   389.1"
"P.C. Hooftbuurt";"     600";"       .";"       .";"    26.5";"    45.9";"       .";"    29.5";"    38.9";"     5.8";"     6.0";"     7.3";"     8.5";"    85.9"
"Concertgebouwbuurt";"    1400";"       .";"       .";"    30.7";"    46.8";"       .";"    30.1";"    43.2";"     5.8";"     5.9";"     7.5";"     8.4";"   680.6"
"Cornelis Schuytbuurt";"    2100";"       .";"    84.7";"    29.7";"    48.2";"       .";"    25.1";"    49.5";"     5.1";"     4.9";"     5.6";"     6.2";"   801.2"
"Banpleinbuurt";"     600";"       .";"       .";"    33.4";"    43.0";"       .";"    26.2";"    47.1";"     7.0";"     6.1";"     6.4";"     7.0";"  1120.3"
"Hondecoeterbuurt";"    1600";"       .";"       .";"    29.0";"    41.4";"       .";"    35.3";"    35.0";"     5.5";"     6.6";"     8.4";"     9.7";"   116.3"
"Harmoniehofbuurt";"    1200";"       .";"       .";"    29.3";"    26.1";"       .";"    45.6";"    12.4";"     4.5";"     5.4";"     7.3";"     8.1";"    66.6"
"Museumplein";"       0";"       .";"       .";"       .";"       .";"       .";"       .";"       .";"       .";"       .";"       .";"       .";"       ."
"Vondelpark Oost";"       0";"       .";"       .";"       .";"       .";"       .";"       .";"       .";"       .";"       .";"       .";"       .";"       ."
"Duivelseiland";"    1200";"       .";"       .";"    28.5";"    42.1";"       .";"    40.6";"    25.4";"     4.2";"     8.0";"    10.5";"    11.4";"    32.6"
"Stadionbuurt";"    9800";"    50.8";"    42.7";"    35.6";"    31.1";"    38.9";"    48.4";"    19.8";"     5.3";"    12.7";"    17.0";"    19.4";"    16.5"
"Bertelmanpleinbuurt";"     900";"       .";"       .";"    44.6";"    18.2";"       .";"    59.2";"     8.5";"     6.3";"    17.9";"    24.0";"    27.2";"     4.5"
"Marathonbuurt Oost";"    1200";"       .";"       .";"    41.2";"    22.0";"       .";"    55.0";"    11.8";"     5.8";"    16.5";"    21.5";"    24.6";"    10.9"
"Marathonbuurt West";"    2100";"       .";"       .";"    47.3";"    19.1";"       .";"    63.3";"     9.2";"     7.0";"    20.8";"    28.0";"    31.6";"     5.7"
"Olympisch Stadion e.o.";"    1700";"       .";"       .";"    29.3";"    44.1";"       .";"    36.5";"    33.4";"     4.6";"     7.1";"    11.1";"    12.9";"    39.5"
"IJsbaanpad e.o.";"     300";"       .";"       .";"    31.3";"    35.9";"       .";"    20.5";"    40.4";"     1.2";"     1.9";"     2.5";"     3.7";"   447.5"
"Van Tuyllbuurt";"    3500";"    56.3";"    47.5";"    27.9";"    38.1";"       .";"    41.1";"    24.5";"     4.4";"     8.1";"    10.2";"    11.7";"    28.3"
"Apollobuurt";"    6200";"    97.7";"    72.3";"    27.6";"    49.0";"    80.9";"    24.4";"    48.2";"     5.1";"     5.4";"     6.2";"     7.0";"   726.9"
"Diepenbrockbuurt";"     600";"       .";"       .";"    31.8";"    48.8";"       .";"    15.5";"    58.9";"     6.1";"     5.8";"     5.8";"     6.4";"  2998.5"
"Beethovenbuurt";"     900";"       .";"       .";"    30.6";"    46.9";"       .";"    29.9";"    49.2";"     6.4";"     8.7";"    10.4";"    11.1";"   626.5"
"Hiltonbuurt";"     100";"       .";"       .";"       .";"       .";"       .";"       .";"       .";"       .";"       .";"       .";"       .";"       ."
"Minervabuurt Noord";"    1000";"       .";"       .";"    25.4";"    50.3";"       .";"    19.2";"    55.0";"     4.3";"     3.6";"     4.5";"     5.0";"  1082.8"
"Minervabuurt Midden";"    1800";"       .";"       .";"    29.4";"    49.6";"       .";"    24.3";"    47.6";"     6.2";"     5.6";"     5.8";"     7.0";"   775.4"
"Minervabuurt Zuid";"    2000";"       .";"    64.4";"    24.5";"    48.6";"       .";"    27.0";"    41.9";"     3.9";"     4.5";"     5.6";"     6.3";"   369.5"
"IJburg Oost";"     200";"       .";"       .";"    25.5";"    55.6";"       .";"       .";"       .";"       .";"       .";"       .";"       .";"       ."
"Strandeiland";"       0";"       .";"       .";"       .";"       .";"       .";"       .";"       .";"       .";"       .";"       .";"       .";"       ."
"Middeneiland Zuidoost";"       0";"       .";"       .";"       .";"       .";"       .";"       .";"       .";"       .";"       .";"       .";"       .";"       ."
"Middeneiland Zuidwest";"       0";"       .";"       .";"       .";"       .";"       .";"       .";"       .";"       .";"       .";"       .";"       .";"       ."
"Buiteneiland";"       0";"       .";"       .";"       .";"       .";"       .";"       .";"       .";"       .";"       .";"       .";"       .";"       ."
"Centrumeiland";"     200";"       .";"       .";"    25.5";"    55.6";"       .";"       .";"       .";"       .";"       .";"       .";"       .";"       ."
"IJburg Zuid";"    5600";"    52.8";"    37.2";"    36.4";"    36.4";"    43.5";"    28.9";"    36.5";"     4.5";"     8.0";"    11.1";"    12.8";"    68.6"
"Rieteiland Oost";"     200";"       .";"       .";"    29.4";"    57.9";"       .";"       .";"       .";"       .";"       .";"       .";"       .";"       ."
"Haveneiland Oost";"    4100";"    55.5";"    38.1";"    34.4";"    39.7";"       .";"    26.2";"    42.4";"     4.5";"     7.1";"    10.0";"    11.6";"   195.0"
"Haveneiland Noord";"    1400";"       .";"       .";"    43.4";"    23.0";"       .";"    38.8";"    15.4";"     4.7";"    11.1";"    15.2";"    17.4";"     9.2"
"Scheldebuurt";"   12200";"    57.7";"    48.4";"    27.4";"    39.3";"    44.8";"    38.7";"    28.4";"     4.1";"     6.6";"     8.9";"    10.7";"    40.1"
"Wielingenbuurt";"    2400";"       .";"    51.9";"    25.8";"    41.6";"       .";"    34.9";"    31.2";"     4.2";"     5.2";"     7.0";"     8.3";"    63.1"
"Scheldebuurt West";"    3500";"    54.3";"    45.6";"    29.9";"    36.9";"       .";"    41.1";"    26.8";"     4.5";"     7.4";"     9.7";"    11.7";"    36.3"
"Scheldebuurt Midden";"    2600";"    60.4";"    50.5";"    26.1";"    41.4";"       .";"    35.4";"    33.1";"     2.2";"     4.9";"     7.3";"     8.7";"    59.2"
"Scheldebuurt Oost";"    2000";"       .";"       .";"    27.3";"    37.4";"       .";"    39.2";"    25.8";"     3.6";"     5.5";"     7.2";"     8.7";"    34.6"
"Veluwebuurt";"    1200";"       .";"       .";"    33.8";"    29.1";"       .";"    55.0";"    15.8";"     7.7";"    13.6";"    18.1";"    21.8";"    12.3"
"Kop Zuidas";"     600";"       .";"       .";"    12.0";"    64.2";"       .";"    14.2";"    44.7";"     2.3";"     2.8";"     2.8";"     4.3";"    54.5"
"IJselbuurt";"    4600";"    42.7";"    37.5";"    37.6";"    27.4";"    34.3";"    54.0";"    16.1";"     5.5";"    12.6";"    17.2";"    20.3";"     8.6"
"IJselbuurt West";"    2100";"       .";"       .";"    39.4";"    28.0";"       .";"    55.7";"    14.8";"     5.6";"    14.6";"    20.3";"    23.4";"     7.5"
"IJselbuurt Oost";"    2500";"    43.0";"    37.3";"    36.2";"    26.9";"       .";"    52.5";"    17.1";"     5.4";"    10.8";"    14.5";"    17.4";"     9.2"
"Rijnbuurt";"    7900";"    45.0";"    39.5";"    36.6";"    28.6";"    35.6";"    53.2";"    16.9";"     5.2";"    13.3";"    17.5";"    20.2";"    11.5"
"Kromme Mijdrechtbuurt";"    2200";"       .";"       .";"    37.4";"    26.4";"       .";"    56.1";"    14.7";"     6.3";"    15.5";"    19.5";"    22.0";"     8.0"
"Rijnbuurt Oost";"    2400";"       .";"    42.8";"    31.2";"    34.0";"       .";"    45.4";"    22.3";"     3.9";"     8.4";"    11.6";"    13.7";"    21.3"
"Rijnbuurt Midden";"    1900";"       .";"       .";"    31.5";"    33.8";"       .";"    47.5";"    19.8";"     5.0";"     9.0";"    12.1";"    14.3";"    15.9"
"Rijnbuurt West";"    1400";"       .";"       .";"    50.8";"    15.9";"       .";"    68.6";"     7.8";"     6.1";"    22.9";"    29.9";"    34.5";"     4.8"
"Zorgvlied";"       0";"       .";"       .";"       .";"       .";"       .";"       .";"       .";"       .";"       .";"       .";"       .";"       ."
"Frankendael";"    9400";"    43.0";"    36.3";"    38.8";"    26.8";"    33.4";"    56.6";"    16.3";"     4.9";"    10.9";"    15.8";"    18.3";"     7.3"
"De Eenhoorn";"    2100";"       .";"       .";"    43.9";"    23.5";"       .";"    71.6";"     8.8";"     5.1";"     8.5";"    13.0";"    15.2";"     1.0"
"Julianapark";"     900";"       .";"       .";"    16.0";"    49.9";"       .";"    24.6";"    24.0";"     2.1";"     4.3";"     6.9";"     7.4";"    37.4"
"Don Bosco";"    1700";"       .";"       .";"    34.0";"    34.6";"       .";"    38.8";"    28.9";"     4.0";"     5.8";"     9.1";"    10.4";"    68.8"
"Frankendael";"       0";"       .";"       .";"       .";"       .";"       .";"       .";"       .";"       .";"       .";"       .";"       .";"       ."
"Tuindorp Amstelstation";"     700";"       .";"       .";"    58.5";"     5.8";"       .";"    76.2";"     4.1";"     8.6";"    26.8";"    37.1";"    40.6";"     1.8"
"De Wetbuurt";"    1400";"       .";"       .";"    40.0";"    26.5";"       .";"    49.3";"    22.0";"     3.5";"     9.4";"    14.0";"    17.6";"    32.1"
"Tuindorp Frankendael";"    2100";"       .";"    35.8";"    37.5";"    23.9";"       .";"    61.6";"    15.8";"     6.0";"    13.6";"    19.4";"    22.3";"     8.0"
"Van der Kunbuurt";"     500";"       .";"       .";"    51.1";"    12.9";"       .";"    60.2";"     7.1";"     6.1";"    17.6";"    22.6";"    26.7";"     0.9"
"Middenmeer";"   12200";"    49.7";"    40.9";"    34.7";"    33.7";"    38.7";"    44.9";"    27.6";"     3.8";"     5.9";"     8.5";"    10.4";"    34.9"
"Linnaeusparkbuurt";"    2100";"       .";"    50.2";"    28.5";"    40.3";"       .";"    32.5";"    35.8";"     3.4";"     4.8";"     6.7";"     8.7";"   106.5"
"Middenmeer Noord";"    2200";"       .";"    43.5";"    30.5";"    37.2";"       .";"    33.4";"    36.7";"     3.2";"     5.5";"     8.5";"     9.8";"    86.8"
"Middenmeer Zuid";"    3900";"    51.1";"    40.3";"    29.3";"    37.3";"       .";"    36.6";"    31.3";"     3.4";"     4.5";"     6.8";"     8.9";"   103.9"
"Sportpark Middenmeer Zuid";"     300";"       .";"       .";"    31.8";"    27.3";"       .";"    45.7";"    19.6";"     4.0";"     8.0";"    10.2";"    12.5";"   333.0"
"Sportpark Middenmeer Noord";"     200";"       .";"       .";"    64.5";"     1.6";"       .";"    96.7";"     0.0";"     8.6";"    24.7";"    32.8";"    36.2";"     0.0"
"Park de Meer";"    1300";"       .";"       .";"    33.7";"    32.3";"       .";"    29.5";"    32.7";"     3.3";"     5.7";"     9.0";"    11.3";"   397.8"
"Sportpark Voorland";"       0";"       .";"       .";"       .";"       .";"       .";"       .";"       .";"       .";"       .";"       .";"       .";"       ."
"Science Park Noord";"    2000";"       .";"       .";"    49.7";"    26.1";"       .";"    67.3";"    15.2";"     4.6";"     4.1";"     5.5";"     6.7";"     2.0"
"Science Park Zuid";"     300";"       .";"       .";"    66.8";"     2.2";"       .";"    96.2";"     0.4";"     8.6";"    20.9";"    29.4";"    33.1";"     0.1"
"Betondorp";"    2600";"    32.2";"    27.6";"    47.5";"    15.7";"       .";"    62.5";"     7.4";"     5.5";"    17.3";"    24.7";"    29.2";"     8.8"
"Betondorp";"    2600";"    32.2";"    27.5";"    47.6";"    15.6";"       .";"    62.6";"     7.3";"     5.5";"    17.3";"    24.8";"    29.2";"     8.8"
"Nieuwe Oosterbegraafplaats";"       0";"       .";"       .";"       .";"       .";"       .";"       .";"       .";"       .";"       .";"       .";"       .";"       ."
"Drieburg";"       0";"       .";"       .";"       .";"       .";"       .";"       .";"       .";"       .";"       .";"       .";"       .";"       ."
"Omval/Overamstel";"    4600";"    60.1";"    53.3";"    25.4";"    42.3";"    42.5";"    43.9";"    24.8";"     4.0";"     4.4";"     5.9";"     6.8";"     9.5"
"Weespertrekvaart";"     700";"       .";"       .";"    19.0";"    50.2";"       .";"    33.2";"    30.3";"     3.0";"     3.0";"     3.3";"     4.4";"    14.3"
"Amstelglorie";"     100";"       .";"       .";"       .";"       .";"       .";"       .";"       .";"       .";"       .";"       .";"       .";"       ."
"Overamstel";"       0";"       .";"       .";"       .";"       .";"       .";"       .";"       .";"       .";"       .";"       .";"       .";"       ."
"Amstelkwartier Noord";"    2300";"       .";"    53.5";"    23.3";"    43.1";"       .";"    44.1";"    24.0";"     3.2";"     4.1";"     5.7";"     6.6";"    10.8"
"De Omval";"     600";"       .";"       .";"    16.7";"    55.4";"       .";"    18.6";"    40.9";"     2.6";"     2.1";"     3.4";"     3.4";"   304.2"
"Amstelkwartier Zuid";"       0";"       .";"       .";"       .";"       .";"       .";"       .";"       .";"       .";"       .";"       .";"       .";"       ."
"Amstelkwartier West";"     800";"       .";"       .";"    42.2";"    24.5";"       .";"    68.6";"    12.5";"     9.1";"     9.1";"    11.7";"    13.5";"     0.0"
"Prinses Irenebuurt e.o.";"    1000";"       .";"       .";"    25.6";"    47.9";"       .";"    21.4";"    43.6";"     2.4";"     2.9";"     3.5";"     4.2";"   821.2"
"Prinses Irenebuurt";"    1000";"       .";"       .";"    25.6";"    47.9";"       .";"    21.4";"    43.6";"     2.4";"     2.9";"     3.5";"     4.2";"   821.2"
"Beatrixpark";"       0";"       .";"       .";"       .";"       .";"       .";"       .";"       .";"       .";"       .";"       .";"       .";"       ."
"Volewijck";"    7400";"    29.6";"    23.8";"    51.2";"    11.6";"    26.9";"    63.2";"     8.4";"     8.1";"    19.0";"    26.0";"    30.5";"     3.1"
"Van der Pekbuurt";"    3600";"    28.4";"    23.0";"    53.1";"     9.7";"       .";"    65.9";"     6.8";"     9.7";"    21.6";"    28.9";"    33.1";"     2.1"
"Bloemenbuurt Zuid";"    1900";"       .";"       .";"    53.6";"    11.1";"       .";"    66.0";"     8.8";"     8.5";"    20.4";"    27.7";"    33.0";"     2.7"
"Bloemenbuurt Noord";"    2000";"       .";"       .";"    45.6";"    15.7";"       .";"    55.5";"    11.1";"     4.7";"    12.8";"    19.1";"    23.1";"     8.2"
"IJplein/Vogelbuurt";"    6500";"    30.9";"    25.4";"    50.3";"    13.8";"    29.0";"    60.8";"     9.2";"     8.0";"    19.0";"    25.7";"    29.7";"     3.9"
"IJplein e.o.";"    2100";"       .";"       .";"    50.2";"    13.6";"       .";"    63.8";"     6.8";"     7.5";"    21.1";"    28.0";"    31.1";"     4.9"
"Vogelbuurt Zuid";"    3400";"    29.8";"    24.3";"    51.6";"    13.0";"       .";"    60.5";"     9.9";"     8.5";"    18.6";"    25.5";"    30.2";"     2.8"
"Vogelbuurt Noord";"    1000";"       .";"       .";"    47.8";"    14.6";"       .";"    59.7";"     8.7";"     7.9";"    17.6";"    23.7";"    27.9";"     4.7"
"Vliegenbos";"     100";"       .";"       .";"    39.2";"    33.8";"       .";"       .";"       .";"       .";"       .";"       .";"       .";"       ."
"Tuindorp Nieuwendam";"    2900";"    32.9";"    27.1";"    46.5";"    14.9";"       .";"    59.2";"    11.0";"     4.5";"    13.1";"    19.5";"    23.0";"    12.6"
"Tuindorp Nieuwendam West";"     900";"       .";"       .";"    47.4";"    14.7";"       .";"    57.8";"    12.1";"     3.6";"    10.7";"    15.7";"    19.1";"    16.1"
"Tuindorp Nieuwendam Oost";"    2000";"       .";"       .";"    46.1";"    15.0";"       .";"    59.8";"    10.5";"     4.9";"    14.2";"    21.2";"    24.6";"    11.2"
"Tuindorp Buiksloot";"    1500";"       .";"       .";"    48.6";"    12.4";"       .";"    56.8";"    11.2";"     6.8";"    14.2";"    20.9";"    25.3";"     6.6"
"Blauwe Zand";"    1500";"       .";"       .";"    48.6";"    12.4";"       .";"    56.8";"    11.2";"     6.8";"    14.2";"    20.9";"    25.3";"     6.6"
"Nieuwendammerdijk/Buiksloterdijk";"    1300";"       .";"       .";"    27.3";"    42.7";"       .";"    14.3";"    54.7";"     2.1";"     1.4";"     2.1";"     2.2";"   820.6"
"Buiksloterdijk West";"     100";"       .";"       .";"    26.4";"    42.1";"       .";"       .";"       .";"       .";"       .";"       .";"       .";"       ."
"Buiksloterdijk Oost";"     100";"       .";"       .";"    16.7";"    46.1";"       .";"       .";"       .";"       .";"       .";"       .";"       .";"       ."
"Nieuwendammerdijk West";"     800";"       .";"       .";"    28.8";"    41.2";"       .";"    15.8";"    51.2";"     2.8";"     1.5";"     2.3";"     2.3";"   766.8"
"Nieuwendammerdijk Oost";"     200";"       .";"       .";"    26.8";"    46.3";"       .";"    13.1";"    61.5";"     1.7";"     2.5";"     3.3";"     4.1";"   785.8"
"Nieuwendammerdijk Zuid";"       0";"       .";"       .";"       .";"       .";"       .";"       .";"       .";"       .";"       .";"       .";"       .";"       ."
"Tuindorp Oostzaan";"    9300";"    33.7";"    26.7";"    44.0";"    17.0";"    30.6";"    50.8";"    14.9";"     4.9";"    12.3";"    17.4";"    21.2";"    14.0"
"Tuindorp Oostzaan West";"     900";"       .";"       .";"    45.8";"    11.7";"       .";"    54.8";"     9.6";"     4.3";"    13.8";"    18.2";"    21.6";"    15.2"
"Tuindorp Oostzaan Oost";"    3300";"    31.4";"    25.5";"    46.6";"    14.1";"       .";"    52.1";"    12.5";"     4.1";"    11.3";"    16.6";"    20.6";"    12.2"
"Terrasdorp";"    3300";"    31.1";"    25.9";"    47.4";"    13.0";"       .";"    60.1";"     8.5";"     6.1";"    16.1";"    22.3";"    26.8";"     8.2"
"De Bongerd";"    1800";"       .";"    30.4";"    32.4";"    32.0";"       .";"    23.5";"    38.5";"     4.4";"     4.9";"     7.3";"     9.0";"   381.6"
"Oostzanerwerf";"    7000";"    34.5";"    27.6";"    42.2";"    18.1";"    32.6";"    43.5";"    18.1";"     6.2";"    10.3";"    13.6";"    16.7";"    46.2"
"Oostzanerdijk";"     300";"       .";"       .";"    32.2";"    29.4";"       .";"    33.9";"    31.1";"     6.3";"     9.2";"    10.9";"    10.9";"   237.7"
"Walvisbuurt";"    1100";"       .";"       .";"    34.9";"    22.4";"       .";"    29.2";"    25.6";"     2.0";"     4.1";"     5.0";"     7.0";"   248.8"
"Twiske West";"    2000";"       .";"    32.0";"    35.5";"    25.3";"       .";"    28.6";"    32.3";"     4.9";"     5.3";"     6.5";"     9.0";"   288.3"
"Noorder IJplas";"     100";"       .";"       .";"    37.1";"    23.4";"       .";"       .";"       .";"       .";"       .";"       .";"       .";"       ."
"Molenwijk";"    2300";"       .";"    19.8";"    55.6";"     7.3";"       .";"    62.6";"     4.8";"    10.0";"    17.2";"    23.8";"    29.2";"     3.7"
"Circus/Kermisbuurt";"    1100";"       .";"       .";"    37.3";"    19.2";"       .";"    41.8";"    13.5";"     4.4";"    10.0";"    12.4";"    14.0";"   142.4"
"Kadoelen";"    2700";"    43.9";"    33.2";"    35.7";"    28.3";"       .";"    29.4";"    34.5";"     2.4";"     4.0";"     6.2";"     8.6";"   360.6"
"Kadoelen";"    1800";"       .";"       .";"    33.7";"    33.4";"       .";"    26.0";"    40.3";"     2.4";"     4.1";"     5.8";"     7.7";"   446.9"
"Twiske Oost";"     900";"       .";"       .";"    39.5";"    18.2";"       .";"    36.3";"    22.6";"     2.5";"     3.8";"     6.9";"    10.5";"   207.7"
"Waterlandpleinbuurt";"   10300";"    31.4";"    24.0";"    47.6";"    14.3";"    29.9";"    49.9";"    12.2";"     7.0";"    11.9";"    16.3";"    19.6";"     7.6"
"Baanakkerspark Noord";"     500";"       .";"       .";"    36.1";"    16.5";"       .";"    45.6";"     9.0";"     3.3";"     4.0";"     4.3";"     4.9";"   170.4"
"Baanakkerspark Zuid";"     400";"       .";"       .";"    35.0";"    24.3";"       .";"    34.2";"    15.0";"     3.3";"     5.7";"     5.7";"     6.6";"   283.2"
"Werengouw Midden";"    3900";"    29.9";"    24.1";"    48.6";"    12.2";"    27.8";"    57.5";"     7.2";"     7.1";"    14.5";"    19.6";"    23.4";"     6.1"
"Markengouw Midden";"    2800";"    30.7";"    22.4";"    48.1";"    15.1";"       .";"    42.9";"    16.2";"     6.7";"    10.0";"    14.5";"    17.4";"     3.8"
"Markengouw Zuid";"    1500";"       .";"       .";"    49.1";"    13.8";"       .";"    49.2";"    15.0";"     9.5";"    11.5";"    16.2";"    19.6";"     4.5"
"Werengouw Zuid";"    1100";"       .";"       .";"    51.0";"    15.5";"       .";"    45.4";"    19.7";"     7.5";"    13.2";"    19.0";"    23.3";"    11.3"
"Buikslotermeer";"    9400";"    29.9";"    24.9";"    50.1";"    12.6";"    27.7";"    59.4";"     7.9";"     7.6";"    14.3";"    19.6";"    23.4";"     6.0"
"Rode Kruisbuurt";"     200";"       .";"       .";"    23.2";"    31.5";"       .";"       .";"       .";"       .";"       .";"       .";"       .";"       ."
"Loenermark";"    1600";"       .";"       .";"    39.0";"    16.9";"       .";"    55.9";"     7.4";"     6.3";"    11.6";"    15.3";"    18.6";"     7.2"
"Buikslotermeerplein";"    1000";"       .";"       .";"    51.8";"    13.7";"       .";"    66.7";"     6.0";"     5.4";"    17.8";"    24.0";"    29.6";"     5.3"
"Plan van Gool";"    2500";"       .";"    23.0";"    52.9";"    12.6";"       .";"    55.1";"     9.4";"     8.8";"    15.8";"    22.2";"    26.6";"     5.7"
"De Kleine Wereld";"    2100";"       .";"    19.4";"    57.3";"     6.0";"       .";"    62.2";"     5.2";"     9.8";"    18.0";"    24.3";"    29.0";"     2.3"
"Buikslotermeer Noord";"    2100";"       .";"       .";"    49.0";"    14.0";"       .";"    63.0";"     8.2";"     6.8";"    10.1";"    14.0";"    16.1";"    13.0"
"Banne Buiksloot";"   11200";"    30.8";"    24.1";"    49.6";"    14.2";"    29.5";"    52.3";"    12.5";"     7.0";"    13.9";"    19.5";"    23.1";"     7.8"
"Banne Zuidwest";"    2700";"    27.8";"    21.1";"    54.2";"    11.2";"       .";"    54.2";"    11.0";"     7.6";"    14.2";"    20.7";"    25.0";"     5.3"
"Banne Zuidoost";"    3200";"    37.0";"    29.4";"    40.0";"    21.0";"       .";"    50.6";"    15.5";"     5.9";"    12.9";"    17.7";"    20.7";"    13.2"
"Banne Noordwest";"    2000";"       .";"    20.4";"    55.7";"     7.6";"       .";"    60.9";"     5.7";"     7.7";"    17.2";"    23.4";"    27.8";"     3.3"
"Banne Noordoost";"    2800";"    27.5";"    21.5";"    54.8";"    11.1";"       .";"    50.3";"    11.1";"     7.9";"    14.0";"    19.7";"    23.2";"     7.4"
"Buiksloterbreek";"     300";"       .";"       .";"    26.3";"    37.1";"       .";"    18.8";"    44.9";"     4.4";"     2.9";"     5.9";"     5.9";"   660.2"
"Marjoleinterrein";"     200";"       .";"       .";"    38.5";"    24.3";"       .";"    38.1";"    27.3";"     3.9";"     7.8";"     9.4";"    11.7";"    82.4"
"Noordelijke IJ-oevers West";"    5900";"    52.0";"    45.0";"    29.2";"    37.1";"    39.4";"    44.7";"    24.5";"     4.1";"     5.9";"     8.3";"     9.8";"     5.3"
"Papaverweg e.o.";"    1000";"       .";"       .";"    24.1";"    45.1";"       .";"    20.5";"    46.1";"     3.3";"     3.3";"     3.8";"     4.2";"   381.3"
"Cornelis Douwesterrein";"       0";"       .";"       .";"       .";"       .";"       .";"       .";"       .";"       .";"       .";"       .";"       .";"       ."
"NDSM terrein";"    2200";"       .";"       .";"    35.3";"    25.2";"       .";"    61.8";"     8.6";"     4.7";"     5.7";"     8.3";"    10.3";"    -0.3"
"Buiksloterham";"     700";"       .";"       .";"    28.9";"    37.8";"       .";"    43.3";"    30.7";"     3.9";"    10.9";"    17.0";"    19.2";"    11.1"
"Overhoeks";"    2100";"       .";"       .";"    25.6";"    45.2";"       .";"    34.3";"    33.1";"     3.8";"     5.7";"     7.6";"     8.9";"    16.9"
"Noordelijke IJ-oevers Oost";"     200";"       .";"       .";"    42.0";"    20.6";"       .";"    66.5";"     9.2";"     9.8";"     8.4";"    10.5";"    12.6";"     3.6"
"Bedrijventerrein Hamerstraat";"     200";"       .";"       .";"    40.0";"    20.9";"       .";"    65.7";"     8.3";"     7.0";"     6.3";"     7.8";"    10.2";"     3.6"
"Zamenhofstraat e.o.";"       0";"       .";"       .";"       .";"       .";"       .";"       .";"       .";"       .";"       .";"       .";"       .";"       ."
"Bedrijventerrein Nieuwendammerdijk";"       0";"       .";"       .";"       .";"       .";"       .";"       .";"       .";"       .";"       .";"       .";"       .";"       ."
"Waterland";"    1900";"       .";"       .";"    36.6";"    31.9";"       .";"    26.5";"    39.5";"     6.4";"     6.5";"     7.5";"     8.7";"   768.3"
"Schellingwoude West";"     100";"       .";"       .";"       .";"       .";"       .";"       .";"       .";"       .";"       .";"       .";"       .";"       ."
"Schellingwoude Oost";"     500";"       .";"       .";"    35.3";"    40.1";"       .";"    22.6";"    44.4";"     4.0";"     5.2";"     5.6";"     6.4";"   669.9"
"Schellingwoude Noord";"       0";"       .";"       .";"       .";"       .";"       .";"       .";"       .";"       .";"       .";"       .";"       .";"       ."
"Durgerdam";"     400";"       .";"       .";"    35.5";"    32.6";"       .";"    20.9";"    47.8";"     3.0";"     1.5";"     2.5";"     3.5";"   868.2"
"Zwarte Gouw";"       0";"       .";"       .";"       .";"       .";"       .";"       .";"       .";"       .";"       .";"       .";"       .";"       ."
"Ransdorp";"     300";"       .";"       .";"    35.5";"    33.6";"       .";"    22.8";"    36.8";"     3.0";"     3.7";"     3.7";"     4.4";"   846.7"
"Holysloot";"     200";"       .";"       .";"    35.2";"    28.2";"       .";"    18.3";"    41.3";"     3.7";"     2.8";"     2.8";"     4.6";"  1035.4"
"Zunderdorp";"     400";"       .";"       .";"    38.2";"    25.5";"       .";"    29.5";"    34.5";"     5.2";"     6.7";"     8.8";"    10.8";"   695.2"
"Noorderstrook West";"     100";"       .";"       .";"       .";"       .";"       .";"       .";"       .";"       .";"       .";"       .";"       .";"       ."
"Noorderstrook Oost";"       0";"       .";"       .";"       .";"       .";"       .";"       .";"       .";"       .";"       .";"       .";"       .";"       ."
"Elzenhagen";"    3200";"    42.0";"    32.4";"    40.9";"    26.5";"       .";"    58.3";"    22.5";"     7.2";"    10.7";"    15.0";"    17.9";"     3.1"
"Nintemanterrein";"     100";"       .";"       .";"       .";"       .";"       .";"       .";"       .";"       .";"       .";"       .";"       .";"       ."
"Elzenhagen Zuid";"     800";"       .";"       .";"    51.1";"     8.2";"       .";"    85.7";"     3.5";"    12.3";"    19.4";"    28.2";"    32.6";"    -0.1"
"Elzenhagen Noord";"    2400";"       .";"    33.3";"    38.1";"    31.8";"       .";"    46.8";"    30.9";"     4.8";"     6.8";"     9.0";"    11.2";"    21.1"
"Chassébuurt";"    5000";"    41.5";"    34.5";"    40.8";"    25.6";"    34.5";"    50.4";"    18.7";"     7.1";"    13.7";"    17.9";"    20.8";"     9.2"
"Kortenaerkwartier";"    1800";"       .";"       .";"    40.5";"    26.7";"       .";"    50.8";"    20.7";"     7.5";"    12.4";"    16.1";"    19.4";"    13.5"
"Filips van Almondekwartier";"     900";"       .";"       .";"    33.8";"    31.8";"       .";"    49.5";"    21.5";"     6.1";"    13.8";"    16.9";"    18.6";"    12.3"
"De Wester Quartier";"    1400";"       .";"       .";"    43.0";"    22.7";"       .";"    50.8";"    16.4";"     7.5";"    14.5";"    19.3";"    22.4";"     7.7"
"Van Brakelkwartier";"     800";"       .";"       .";"    45.9";"    21.1";"       .";"    50.2";"    14.3";"     6.5";"    15.2";"    20.7";"    24.1";"     4.4"
"Slotermeer-Noordoost";"    7000";"    29.4";"    22.6";"    51.0";"    12.0";"    27.4";"    57.8";"    10.1";"     9.1";"    17.9";"    23.7";"    27.0";"     3.4"
"Buurt 3";"    4800";"    29.7";"    22.6";"    50.8";"    12.4";"    27.2";"    58.2";"    10.9";"     9.0";"    17.8";"    23.6";"    26.9";"     3.9"
"Buurt 2";"    2200";"       .";"    22.7";"    51.4";"    11.1";"       .";"    56.7";"     8.3";"     9.4";"    18.2";"    24.0";"    27.1";"     2.9"
"Slotermeer-Zuidwest";"   13400";"    29.7";"    23.2";"    51.5";"    12.8";"    27.4";"    59.6";"    10.3";"     9.0";"    18.3";"    23.8";"    27.6";"     3.4"
"Slotermeer Zuid";"    2700";"    27.3";"    21.8";"    54.5";"     8.6";"       .";"    73.0";"     4.3";"     9.9";"    24.2";"    30.9";"    35.3";"     1.6"
"Noordoever Sloterplas";"    2600";"    37.8";"    30.5";"    39.8";"    22.7";"       .";"    48.6";"    16.3";"     6.3";"    12.3";"    16.1";"    18.5";"    26.8"
"Buurt 4 Oost";"    2600";"    30.4";"    24.0";"    49.0";"    14.0";"       .";"    54.4";"    12.0";"     7.6";"    13.6";"    17.3";"    20.4";"     8.1"
"Buurt 5 Noord";"    2500";"    24.9";"    18.6";"    59.1";"     7.0";"       .";"    60.5";"     8.0";"    11.4";"    21.3";"    28.0";"    33.2";"     1.5"
"Sloterpark";"     100";"       .";"       .";"       .";"       .";"       .";"       .";"       .";"       .";"       .";"       .";"       .";"       ."
"Buurt 5 Zuid";"    2800";"    27.8";"    21.0";"    55.6";"    11.0";"       .";"    60.3";"    10.7";"    10.2";"    19.8";"    26.2";"    30.1";"     2.5"
"Geuzenveld";"   11800";"    29.3";"    21.6";"    50.5";"    12.0";"    27.6";"    53.6";"    12.0";"     9.5";"    16.0";"    21.9";"    25.6";"     4.9"
"Buurt 6";"    2200";"       .";"    19.5";"    55.1";"     7.3";"       .";"    61.4";"     7.3";"    10.5";"    18.7";"    25.5";"    30.3";"     2.0"
"Buurt 7";"    2000";"       .";"    23.3";"    47.2";"    16.4";"       .";"    43.8";"    20.1";"     7.8";"    10.8";"    15.6";"    18.5";"    24.3"
"Buurt 8";"    3100";"    30.2";"    22.4";"    49.3";"    13.0";"       .";"    51.9";"    11.2";"    10.2";"    17.2";"    23.1";"    26.2";"     3.7"
"Buurt 9";"    4300";"    28.7";"    20.9";"    50.8";"    11.3";"       .";"    54.9";"    11.5";"     9.3";"    15.7";"    21.7";"    25.6";"     4.6"
"Eendrachtspark";"     200";"       .";"       .";"    46.8";"    16.9";"       .";"    56.4";"    12.2";"     7.7";"    20.4";"    28.9";"    30.3";"    25.1"
"Eendracht";"    1900";"       .";"       .";"    40.4";"    18.0";"       .";"    35.8";"    19.7";"     4.5";"     5.5";"     8.4";"     9.7";"    99.1"
"Osdorper Binnenpolder";"       0";"       .";"       .";"       .";"       .";"       .";"       .";"       .";"       .";"       .";"       .";"       .";"       ."
"Buurt 10";"    1900";"       .";"       .";"    40.2";"    18.1";"       .";"    35.6";"    19.7";"     4.4";"     5.4";"     8.3";"     9.7";"    98.5"
"Lutkemeer/Ookmeer";"     700";"       .";"       .";"    43.9";"    22.2";"       .";"    43.5";"    28.1";"     6.9";"    10.1";"    14.1";"    17.0";"   320.6"
"Ookmeer";"       0";"       .";"       .";"       .";"       .";"       .";"       .";"       .";"       .";"       .";"       .";"       .";"       ."
"Osdorper Bovenpolder";"     600";"       .";"       .";"    43.6";"    22.8";"       .";"    42.2";"    29.4";"     6.5";"    10.0";"    13.9";"    16.8";"   330.2"
"Bedrijvenpark Lutkemeer";"     100";"       .";"       .";"       .";"       .";"       .";"       .";"       .";"       .";"       .";"       .";"       .";"       ."
"Osdorp-Oost";"   13800";"    32.6";"    26.4";"    47.2";"    15.3";"    29.2";"    58.3";"    10.7";"     6.8";"    14.4";"    19.5";"    23.3";"     6.8"
"Wildeman";"    3700";"    25.2";"    19.6";"    58.2";"     6.4";"       .";"    71.2";"     4.4";"     9.2";"    22.6";"    30.3";"    36.4";"     2.5"
"Meer en Oever";"    2500";"    41.4";"    34.0";"    36.4";"    25.5";"       .";"    42.3";"    17.9";"     4.6";"     8.7";"    12.0";"    14.2";"    58.2"
"Osdorpplein e.o.";"    3200";"    34.9";"    27.9";"    42.3";"    17.5";"       .";"    51.4";"    10.8";"     6.7";"    10.5";"    14.0";"    16.2";"     3.6"
"Calandlaan/Lelylaan";"    1000";"       .";"       .";"    45.4";"    13.1";"       .";"    61.6";"    10.1";"     4.8";"    17.4";"    22.0";"    25.8";"    12.9"
"Osdorp Zuidoost";"    3300";"    32.0";"    27.2";"    48.5";"    16.3";"       .";"    60.9";"    12.5";"     6.2";"    11.8";"    16.8";"    20.8";"    11.3"
"Osdorp-Midden";"   11500";"    32.5";"    24.9";"    48.3";"    15.2";"    29.3";"    54.0";"    13.3";"     8.5";"    15.3";"    20.5";"    24.1";"     4.8"
"Osdorp Midden Noord";"    1900";"       .";"    20.2";"    55.3";"     7.5";"       .";"    65.3";"     7.8";"     9.4";"    20.3";"    28.2";"    33.8";"     2.2"
"Osdorp Midden Zuid";"    2500";"       .";"    22.7";"    50.9";"    13.9";"       .";"    56.5";"    11.6";"     9.3";"    17.6";"    23.7";"    28.1";"     3.6"
"Zuidwestkwadrant Osdorp Noord";"    2400";"       .";"    22.8";"    52.7";"    12.1";"       .";"    57.4";"    11.0";"    10.3";"    18.6";"    24.2";"    27.2";"     3.8"
"Zuidwestkwadrant Osdorp Zuid";"    4800";"    37.0";"    29.0";"    42.0";"    20.5";"    32.3";"    46.4";"    17.4";"     6.8";"    10.4";"    13.7";"    16.1";"    11.7"
"De Punt";"    4600";"    30.1";"    23.6";"    46.0";"    12.2";"    28.0";"    53.3";"    10.4";"     6.6";"    12.4";"    16.7";"    19.6";"    11.5"
"De Punt";"    4600";"    30.1";"    23.6";"    46.0";"    12.1";"    28.0";"    53.3";"    10.4";"     6.6";"    12.4";"    16.7";"    19.6";"    11.5"
"Bedrijvencentrum Osdorp";"       0";"       .";"       .";"       .";"       .";"       .";"       .";"       .";"       .";"       .";"       .";"       .";"       ."
"Middelveldsche Akerpolder";"   11200";"    40.7";"    32.2";"    38.6";"    24.3";"    37.4";"    35.3";"    28.4";"     4.8";"     6.7";"     9.5";"    11.5";"   148.7"
"Middelveldsche Akerpolder";"    2900";"    35.4";"    26.6";"    40.0";"    17.4";"       .";"    43.8";"    16.8";"     6.4";"     8.1";"    12.2";"    14.8";"    18.3"
"De Aker West";"    3600";"    41.3";"    33.4";"    36.6";"    25.2";"       .";"    33.9";"    30.3";"     4.1";"     6.9";"     9.5";"    11.6";"   271.3"
"De Aker Oost";"    4600";"    43.7";"    35.2";"    39.2";"    27.8";"       .";"    30.4";"    35.2";"     4.2";"     5.4";"     7.6";"     9.0";"   321.7"
"Slotervaart Noord";"    5900";"    35.2";"    27.2";"    45.2";"    18.5";"    31.2";"    52.0";"    16.4";"     7.4";"    14.2";"    18.4";"    21.6";"    11.9"
"Oostoever Sloterplas";"    2000";"       .";"       .";"    36.5";"    28.8";"       .";"    38.5";"    27.9";"     3.1";"     8.4";"    11.6";"    13.8";"   348.8"
"Emanuel van Meterenbuurt";"    1600";"       .";"       .";"    43.7";"    20.4";"       .";"    52.0";"    18.1";"     8.6";"    15.2";"    19.0";"    22.3";"    14.0"
"Jacob Geelbuurt";"    2300";"       .";"    20.0";"    53.7";"     8.4";"       .";"    62.8";"     6.1";"    10.1";"    18.4";"    23.7";"    27.7";"     1.9"
"Overtoomse Veld";"   10800";"    36.7";"    29.5";"    42.5";"    22.1";"    31.2";"    50.1";"    15.2";"     6.8";"    10.6";"    14.3";"    16.6";"     3.9"
"Overtoomse Veld Noord";"    4600";"    34.9";"    26.4";"    47.9";"    19.9";"    32.2";"    44.8";"    19.8";"     8.4";"    14.7";"    20.0";"    23.2";"     4.9"
"Overtoomse Veld Zuid";"    3600";"    37.8";"    30.8";"    34.9";"    21.2";"       .";"    50.8";"    12.8";"     5.1";"     8.2";"    11.1";"    12.8";"     3.8"
"Rembrandtpark Noord";"     800";"       .";"       .";"    48.8";"    22.4";"       .";"    67.2";"     9.7";"     8.6";"     6.9";"     9.2";"    10.8";"     1.7"
"Rembrandtpark Zuid";"     700";"       .";"       .";"    23.1";"    43.7";"       .";"    36.8";"    24.3";"     3.9";"     3.4";"     4.7";"     5.2";"    59.1"
"Johan Jongkindbuurt";"     500";"       .";"       .";"    63.8";"     3.8";"       .";"    58.5";"     7.7";"    14.0";"    21.5";"    30.7";"    36.4";"     0.9"
"Lucas/Andreasziekenhuis e.o.";"     600";"       .";"       .";"    42.8";"    32.5";"       .";"    60.0";"     6.3";"     3.2";"     1.9";"     1.9";"     2.2";"     0.3"
"Westlandgracht";"   10000";"    44.3";"    38.3";"    37.4";"    27.7";"    32.9";"    56.4";"    14.2";"     6.0";"     9.6";"    12.9";"    15.3";"     2.8"
"Koningin Wilhelminaplein";"    2500";"    55.6";"    48.6";"    19.2";"    46.1";"       .";"    33.0";"    22.7";"     2.6";"     2.0";"     2.5";"     3.1";"    19.6"
"Andreasterrein";"    1000";"       .";"       .";"    32.5";"    41.0";"       .";"    32.5";"    39.8";"     4.2";"     8.1";"     9.9";"    12.5";"    69.5"
"Delflandpleinbuurt Oost";"    1300";"       .";"       .";"    54.1";"    16.0";"       .";"    72.0";"     9.1";"     9.7";"    16.2";"    21.9";"    25.8";"     1.4"
"Delflandpleinbuurt West";"    3500";"    35.5";"    30.5";"    41.6";"    18.9";"    28.6";"    62.7";"     9.6";"     7.6";"    13.4";"    17.7";"    20.5";"     1.5"
"Riekerhaven";"     600";"       .";"       .";"    64.2";"     1.6";"       .";"    92.2";"     0.6";"     9.5";"    20.9";"    31.3";"    37.2";"    -0.8"
"Schipluidenbuurt";"    1200";"       .";"       .";"    36.6";"    28.6";"       .";"    62.6";"     7.4";"     5.2";"     4.3";"     6.1";"     8.1";"     0.1"
"Sloter-/Riekerpolder";"   11800";"    43.9";"    35.9";"    33.8";"    28.7";"    39.4";"    31.8";"    27.5";"     4.0";"     5.4";"     7.3";"     8.8";"   115.2"
"Riekerpolder";"     600";"       .";"       .";"    16.6";"    37.5";"       .";"    29.9";"    10.6";"     1.3";"     1.0";"     1.0";"     1.8";"     3.0"
"Park Haagseweg";"     800";"       .";"       .";"    25.1";"    38.0";"       .";"    13.6";"    40.6";"     1.6";"     1.2";"     1.4";"     1.9";"   579.8"
"Nieuwe Meer";"     100";"       .";"       .";"    56.7";"    12.1";"       .";"    70.9";"     4.9";"       .";"       .";"       .";"       .";"     9.0"
"Sloterweg e.o.";"     200";"       .";"       .";"    34.2";"    36.0";"       .";"    22.3";"    42.1";"     4.3";"     3.4";"     4.3";"     6.9";"   918.3"
"Nieuw Sloten Noordwest";"    2400";"       .";"    32.7";"    37.2";"    26.0";"       .";"    32.6";"    28.6";"     4.5";"     7.2";"     9.5";"    12.2";"   133.1"
"Nieuw Sloten Noordoost";"    2600";"    41.1";"    33.4";"    35.3";"    25.6";"       .";"    35.7";"    23.4";"     3.9";"     5.6";"     7.6";"     9.0";"    37.9"
"Belgiëplein e.o.";"    1000";"       .";"       .";"    41.9";"    21.0";"       .";"    51.1";"    15.4";"     4.4";"    11.1";"    16.3";"    19.1";"    37.5"
"Nieuw Sloten Zuidwest";"    1800";"       .";"       .";"    29.6";"    35.4";"       .";"    15.4";"    46.2";"     1.9";"     1.6";"     1.9";"     2.3";"   476.4"
"Nieuw Sloten Zuidoost";"    1600";"       .";"       .";"    33.4";"    28.0";"       .";"    32.2";"    24.9";"     4.8";"     4.3";"     5.9";"     6.8";"    28.1"
"Dorp Sloten";"     600";"       .";"       .";"    37.3";"    27.6";"       .";"    34.7";"    28.3";"     5.2";"     5.2";"     7.0";"     8.2";"   317.7"
"Slotervaart Zuid";"    8300";"    32.0";"    25.5";"    49.6";"    15.4";"    27.5";"    61.0";"    10.8";"     7.7";"    13.7";"    19.0";"    22.9";"     3.3"
"Louis Chrispijnbuurt";"    2500";"    29.5";"    23.9";"    49.7";"    12.2";"       .";"    61.1";"     9.5";"     6.6";"    11.8";"    17.5";"    20.8";"     5.2"
"Jacques Veltmanbuurt";"    2800";"    35.2";"    28.4";"    45.7";"    18.8";"       .";"    59.2";"    11.7";"     8.2";"    13.4";"    17.2";"    21.1";"     6.6"
"Staalmanbuurt";"    2400";"       .";"    26.0";"    47.5";"    18.6";"       .";"    48.9";"    15.4";"     6.8";"    14.5";"    20.6";"    24.9";"     3.9"
"Medisch Centrum Slotervaart";"     700";"       .";"       .";"    73.1";"     2.5";"       .";"    93.6";"     0.7";"    14.0";"    20.7";"    28.8";"    33.8";"    -0.4"
"Buitenveldert-West";"   11000";"    54.2";"    44.6";"    33.5";"    32.1";"    43.2";"    44.0";"    22.0";"     4.2";"     8.1";"    11.5";"    13.6";"    53.4"
"Gelderlandpleinbuurt";"    3800";"    52.9";"    44.8";"    32.9";"    30.9";"    41.5";"    45.3";"    19.5";"     4.0";"     7.8";"    11.4";"    13.0";"    40.4"
"Buitenveldert Midden Zuid";"    3000";"    49.9";"    40.4";"    32.6";"    32.1";"       .";"    38.8";"    20.7";"     4.3";"     6.2";"     8.4";"    10.2";"    54.9"
"Buitenveldert Zuidwest";"    3200";"    53.1";"    42.9";"    34.8";"    32.6";"       .";"    48.8";"    23.7";"     4.5";"    11.0";"    15.6";"    18.4";"    55.8"
"Amsterdamse Bos";"     100";"       .";"       .";"       .";"       .";"       .";"       .";"       .";"       .";"       .";"       .";"       .";"       ."
"Buitenveldert West Midden";"     800";"       .";"       .";"    34.8";"    35.4";"       .";"    37.9";"    33.0";"     4.1";"     5.0";"     7.2";"     9.5";"   293.8"
"Zuiderhof";"       0";"       .";"       .";"       .";"       .";"       .";"       .";"       .";"       .";"       .";"       .";"       .";"       ."
"Buitenveldert-Oost";"    6200";"    48.1";"    39.8";"    35.9";"    30.1";"    37.8";"    48.4";"    18.7";"     5.2";"     9.7";"    12.7";"    15.2";"    34.2"
"De Klenckebuurt";"     500";"       .";"       .";"    22.0";"    43.0";"       .";"    31.9";"    23.5";"     1.8";"     3.7";"     4.7";"     6.6";"    86.2"
"Buitenveldert Oost Midden";"    2700";"    42.3";"    35.2";"    39.9";"    25.7";"       .";"    52.6";"    15.6";"     5.3";"    13.0";"    17.4";"    21.0";"    22.6"
"Buitenveldert Zuidoost";"    3000";"    51.6";"    42.5";"    34.9";"    31.7";"       .";"    47.7";"    20.5";"     5.8";"     7.9";"     9.9";"    11.6";"    46.5"
"Amstelpark";"       0";"       .";"       .";"       .";"       .";"       .";"       .";"       .";"       .";"       .";"       .";"       .";"       ."
"Amstel III/Bullewijk";"    2300";"       .";"       .";"    47.0";"    13.7";"       .";"    77.3";"     2.0";"     7.9";"     5.9";"     8.2";"    10.6";"     0.0"
"Hoofdcentrum Zuidoost";"       0";"       .";"       .";"       .";"       .";"       .";"       .";"       .";"       .";"       .";"       .";"       .";"       ."
"Amstel III deel A/B Noord";"     100";"       .";"       .";"       .";"       .";"       .";"       .";"       .";"       .";"       .";"       .";"       .";"       ."
"Amstel III deel C/D Noord";"       0";"       .";"       .";"       .";"       .";"       .";"       .";"       .";"       .";"       .";"       .";"       .";"       ."
"Amstel III deel A/B Zuid";"    2100";"       .";"       .";"    46.8";"    12.5";"       .";"    77.7";"     1.4";"     5.2";"     3.6";"     5.4";"     8.1";"     0.0"
"Amstel III deel C/D Zuid";"       0";"       .";"       .";"       .";"       .";"       .";"       .";"       .";"       .";"       .";"       .";"       .";"       ."
"AMC";"       0";"       .";"       .";"       .";"       .";"       .";"       .";"       .";"       .";"       .";"       .";"       .";"       ."
"Hoge Dijk";"     100";"       .";"       .";"       .";"       .";"       .";"       .";"       .";"       .";"       .";"       .";"       .";"       ."
"Bijlmer Centrum (D,F,H)";"   19300";"    28.1";"    23.4";"    51.6";"     9.6";"    25.3";"    67.6";"     6.4";"     8.0";"    17.7";"    22.5";"    25.8";"     1.0"
"Venserpolder West";"    4100";"    29.7";"    25.1";"    48.2";"    10.4";"    26.5";"    65.2";"     4.8";"     7.3";"    19.5";"    24.7";"    27.6";"     2.0"
"Venserpolder Oost";"    2800";"    30.2";"    25.6";"    46.1";"    11.7";"       .";"    62.5";"     6.9";"     7.4";"    17.6";"    21.3";"    24.6";"     2.9"
"D-buurt";"    1600";"       .";"       .";"    74.1";"     2.3";"       .";"    92.5";"     0.7";"    11.5";"    14.6";"    21.8";"    26.8";"    -3.9"
"F-buurt";"    3500";"    34.5";"    28.1";"    39.5";"    17.0";"       .";"    53.3";"    13.1";"     5.9";"     8.7";"    11.3";"    12.9";"     2.5"
"Amsterdamse Poort";"     800";"       .";"       .";"    58.7";"     3.8";"       .";"    79.7";"     1.9";"     6.7";"    28.0";"    35.4";"    40.2";"     0.3"
"Hoptille";"    1500";"       .";"       .";"    60.2";"     4.1";"       .";"    77.6";"     2.1";"     9.4";"    18.5";"    24.4";"    29.2";"     0.1"
"Rechte H-buurt";"    2400";"       .";"    20.1";"    57.3";"     6.0";"       .";"    67.0";"     6.2";"    10.2";"    22.1";"    27.6";"    31.7";"     1.0"
"Hakfort/Huigenbos";"    1900";"       .";"       .";"    57.7";"     4.6";"       .";"    70.7";"     4.4";"    10.0";"    22.3";"    28.1";"    32.6";"     0.1"
"Huntum";"     200";"       .";"       .";"    34.8";"    31.1";"       .";"       .";"       .";"       .";"       .";"       .";"       .";"       ."
"Vogeltjeswei";"     600";"       .";"       .";"    43.3";"    15.0";"       .";"    45.1";"    22.5";"     6.4";"    12.1";"    14.4";"    17.0";"   154.2"
"Nelson Mandelapark";"       0";"       .";"       .";"       .";"       .";"       .";"       .";"       .";"       .";"       .";"       .";"       .";"       ."
"Bijlmer Oost (E,G,K)";"   23700";"    30.8";"    25.0";"    47.2";"    12.9";"    27.9";"    58.8";"    10.6";"     7.8";"    17.2";"    21.4";"    24.1";"     2.5"
"E-buurt";"    1600";"       .";"       .";"    41.7";"    22.6";"       .";"    41.8";"    26.7";"     6.4";"     6.7";"     8.0";"    10.0";"     9.0"
"G-buurt West";"    3000";"    33.4";"    28.2";"    42.0";"    15.5";"       .";"    50.8";"    13.6";"     7.3";"    11.9";"    14.0";"    16.1";"     3.6"
"Bijlmermuseum Noord";"    1900";"       .";"       .";"    61.0";"     4.2";"       .";"    74.4";"     3.3";"     8.5";"    27.8";"    35.9";"    39.3";"     0.9"
"Kortvoort";"    2300";"       .";"    22.7";"    52.0";"     7.7";"       .";"    70.2";"     4.1";"     9.0";"    23.6";"    29.6";"    32.7";"     1.5"
"Kelbergen";"     800";"       .";"       .";"    51.8";"     7.9";"       .";"    54.4";"    10.1";"     9.4";"    13.7";"    17.7";"    20.9";"     2.0"
"K-buurt Midden";"    1800";"       .";"       .";"    52.6";"     6.1";"       .";"    72.0";"     3.0";"     8.3";"    20.0";"    25.1";"    28.1";"     0.0"
"K-buurt Zuidoost";"    1000";"       .";"       .";"    37.8";"    23.0";"       .";"    41.0";"    21.8";"     8.6";"     9.0";"    11.4";"    12.8";"     5.6"
"K-buurt Zuidwest";"    1100";"       .";"       .";"    47.4";"    16.8";"       .";"    44.1";"    21.2";"     8.7";"    16.0";"    17.3";"    20.3";"    32.9"
"Grunder/Koningshoef";"    1300";"       .";"       .";"    40.4";"    18.1";"       .";"    41.6";"    17.0";"     6.2";"     9.6";"    11.6";"    12.9";"    14.1"
"G-buurt Oost";"    2800";"    36.4";"    32.9";"    38.2";"    19.0";"       .";"    50.8";"    13.3";"     4.8";"     9.1";"    12.4";"    14.8";"   144.6"
"Kantershof";"    1800";"       .";"       .";"    45.5";"    12.2";"       .";"    59.6";"    10.9";"     6.1";"    21.7";"    24.8";"    27.5";"    10.8"
"Gooise Kant";"     500";"       .";"       .";"    27.7";"    28.7";"       .";"    24.4";"    31.6";"     2.4";"     2.8";"     3.2";"     4.8";"   190.8"
"G-buurt Noord";"    1400";"       .";"       .";"    59.1";"     4.1";"       .";"    77.6";"     2.9";"     9.6";"    29.2";"    35.4";"    38.9";"     0.4"
"Bijlmermuseum Zuid";"    2400";"       .";"    21.9";"    52.5";"     8.6";"       .";"    65.3";"     4.8";"    11.0";"    19.5";"    25.3";"    28.7";"     1.5"
"Nellestein";"    2500";"       .";"    32.4";"    31.8";"    20.9";"       .";"    46.4";"     9.5";"     5.5";"     7.9";"    10.9";"    12.4";"    44.9"
"L-buurt";"    2500";"       .";"    32.3";"    32.0";"    20.6";"       .";"    46.8";"     8.9";"     5.6";"     8.1";"    11.0";"    12.5";"    42.5"
"Gaasperpark";"       0";"       .";"       .";"       .";"       .";"       .";"       .";"       .";"       .";"       .";"       .";"       .";"       ."
"Gaasperplas";"       0";"       .";"       .";"       .";"       .";"       .";"       .";"       .";"       .";"       .";"       .";"       .";"       ."
"Holendrecht/Reigersbos";"   14300";"    29.1";"    23.8";"    48.1";"    10.3";"    27.9";"    56.6";"     8.6";"     5.7";"    15.7";"    20.9";"    24.1";"     3.9"
"Holendrecht West";"    2100";"       .";"    17.8";"    62.5";"     2.9";"       .";"    71.8";"     3.7";"     7.3";"    28.2";"    36.3";"    41.5";"     1.0"
"Reigersbos Noord";"    3300";"    25.9";"    20.4";"    54.4";"     6.1";"       .";"    60.0";"     6.3";"     7.2";"    18.2";"    25.4";"    29.2";"     1.4"
"Holendrecht Oost";"    2100";"       .";"       .";"    38.2";"    16.4";"       .";"    36.2";"    16.6";"     3.1";"     6.5";"     8.3";"     9.7";"   174.4"
"Gaasperdam Noord";"    1600";"       .";"       .";"    42.6";"    13.3";"       .";"    56.7";"     8.2";"     4.9";"    13.4";"    18.4";"    21.2";"     4.9"
"Gaasperdam Zuid";"    1300";"       .";"       .";"    47.3";"    10.0";"       .";"    63.7";"     4.5";"     6.0";"    14.4";"    19.8";"    23.3";"     6.6"
"Reigersbos Midden";"    2000";"       .";"       .";"    45.1";"    11.0";"       .";"    58.5";"     8.1";"     5.0";"    14.9";"    18.5";"    22.2";"     5.6"
"Reigersbos Zuid";"    2000";"       .";"       .";"    40.0";"    16.4";"       .";"    45.5";"    14.5";"     4.8";"     9.6";"    13.1";"    14.8";"    18.9"
"Gein";"    9100";"    32.2";"    26.6";"    42.5";"    14.5";"    30.3";"    47.6";"    12.3";"     5.9";"    12.0";"    15.7";"    18.2";"    13.4"
"Gein Noordwest";"    2300";"       .";"    23.3";"    49.9";"     8.9";"       .";"    64.6";"     5.0";"     8.6";"    19.4";"    25.2";"    28.8";"     2.0"
"Gein Zuidwest";"    1300";"       .";"       .";"    49.8";"    10.9";"       .";"    61.2";"     5.7";"     7.1";"    16.2";"    21.0";"    25.2";"     1.4"
"Gein Noordoost";"    2700";"    37.9";"    31.7";"    32.2";"    21.4";"       .";"    21.0";"    27.6";"     2.7";"     2.3";"     2.6";"     3.1";"   321.8"
"Gein Zuidoost";"    2700";"    32.0";"    26.5";"    42.8";"    14.4";"       .";"    45.9";"    10.2";"     5.5";"    10.9";"    14.8";"    17.1";"     9.6"
"Driemond";"    1300";"       .";"       .";"    35.9";"    23.3";"       .";"    30.0";"    27.5";"     2.7";"     3.8";"     6.5";"     8.3";"   212.1"
"Dorp Driemond";"    1200";"       .";"       .";"    36.2";"    22.2";"       .";"    31.3";"    25.6";"     2.9";"     4.0";"     6.9";"     8.8";"   186.9"
"Landelijk gebied Driemond";"     100";"       .";"       .";"       .";"       .";"       .";"       .";"       .";"       .";"       .";"       .";"       .";"       ."
"Wijk 01 Overig Gendringen";"    5800";"    32.1";"    27.2";"    43.9";"    13.8";"    34.5";"    36.3";"    18.2";"     2.5";"     4.2";"     6.9";"    10.0";"   207.8"
"Gendringen";"    3100";"    30.6";"    26.1";"    45.6";"    11.5";"       .";"    43.3";"    12.0";"     3.3";"     5.4";"     9.5";"    13.3";"   114.6"
"Verspreide huizen Gendringen";"     200";"       .";"       .";"    39.6";"    15.3";"       .";"       .";"       .";"       .";"       .";"       .";"       .";"       ."
